-- MySQL dump 10.13  Distrib 8.0.37, for Linux (x86_64)
--
-- Host: localhost    Database: swp-391-develop
-- ------------------------------------------------------
-- Server version	8.0.37-0ubuntu0.22.04.3

/*!40101 SET @OLD_CHARACTER_SET_CLIENT=@@CHARACTER_SET_CLIENT */;
/*!40101 SET @OLD_CHARACTER_SET_RESULTS=@@CHARACTER_SET_RESULTS */;
/*!40101 SET @OLD_COLLATION_CONNECTION=@@COLLATION_CONNECTION */;
/*!50503 SET NAMES utf8mb4 */;
/*!40103 SET @OLD_TIME_ZONE=@@TIME_ZONE */;
/*!40103 SET TIME_ZONE='+00:00' */;
/*!40014 SET @OLD_UNIQUE_CHECKS=@@UNIQUE_CHECKS, UNIQUE_CHECKS=0 */;
/*!40014 SET @OLD_FOREIGN_KEY_CHECKS=@@FOREIGN_KEY_CHECKS, FOREIGN_KEY_CHECKS=0 */;
/*!40101 SET @OLD_SQL_MODE=@@SQL_MODE, SQL_MODE='NO_AUTO_VALUE_ON_ZERO' */;
/*!40111 SET @OLD_SQL_NOTES=@@SQL_NOTES, SQL_NOTES=0 */;

--
-- Table structure for table `Account`
--

DROP TABLE IF EXISTS `Account`;
/*!40101 SET @saved_cs_client     = @@character_set_client */;
/*!50503 SET character_set_client = utf8mb4 */;
CREATE TABLE `Account` (
  `id` varchar(191) COLLATE utf8mb4_unicode_ci NOT NULL,
  `userId` varchar(191) COLLATE utf8mb4_unicode_ci NOT NULL,
  `refresh_token` text COLLATE utf8mb4_unicode_ci,
  `access_token` text COLLATE utf8mb4_unicode_ci,
  `expires_at` varchar(191) COLLATE utf8mb4_unicode_ci DEFAULT NULL,
  `token_type` varchar(191) COLLATE utf8mb4_unicode_ci DEFAULT NULL,
  PRIMARY KEY (`id`),
  KEY `Account_userId_fkey` (`userId`),
  CONSTRAINT `Account_userId_fkey` FOREIGN KEY (`userId`) REFERENCES `User` (`id`) ON DELETE CASCADE ON UPDATE CASCADE
) ENGINE=InnoDB DEFAULT CHARSET=utf8mb4 COLLATE=utf8mb4_unicode_ci;
/*!40101 SET character_set_client = @saved_cs_client */;

--
-- Dumping data for table `Account`
--

LOCK TABLES `Account` WRITE;
/*!40000 ALTER TABLE `Account` DISABLE KEYS */;
INSERT INTO `Account` VALUES ('1718316d-aad6-471f-8444-30559eca247f','4868eeb8-2308-4642-90ff-2abf4960bc02','eyJhbGciOiJIUzI1NiIsInR5cCI6IkpXVCJ9.eyJpZCI6IjQ4NjhlZWI4LTIzMDgtNDY0Mi05MGZmLTJhYmY0OTYwYmMwMiIsImVtYWlsIjoibWhvZ3V0eTAyMTNAeW9wbWFpbC5jb20iLCJuYW1lIjoiTmd1eWVuIFF1b2MgVHJ1bmciLCJpYXQiOjE3MjA3MTYzMzR9.fR2REogGEjcoMppTf19QbhUzYG4C-q0kVCADoKf5AcY','eyJhbGciOiJIUzI1NiIsInR5cCI6IkpXVCJ9.eyJpZCI6IjQ4NjhlZWI4LTIzMDgtNDY0Mi05MGZmLTJhYmY0OTYwYmMwMiIsImVtYWlsIjoibWhvZ3V0eTAyMTNAeW9wbWFpbC5jb20iLCJuYW1lIjoiTmd1eWVuIFF1b2MgVHJ1bmciLCJpYXQiOjE3MjA3MTYzMzR9.ALo-M7FfVoFLxjgNp_AZenJkwtGcphBY-P1pOpyKEIs',NULL,'Bearer'),('46e79e64-ba5c-422e-9f3e-78c060182be5','02e7b1f8-92c0-4c6f-a67c-3f0dcc7e75ba','eyJhbGciOiJIUzI1NiIsInR5cCI6IkpXVCJ9.eyJpZCI6IjAyZTdiMWY4LTkyYzAtNGM2Zi1hNjdjLTNmMGRjYzdlNzViYSIsImVtYWlsIjoiYWRtaW5AeW9wbWFpbC5jb20iLCJuYW1lIjoiYWRtaW4iLCJpYXQiOjE3MjA3MTEwOTV9.hKgvjkvklEg5STxftKsopzx-EMdeT0GX2ayPyzVl3Wk','eyJhbGciOiJIUzI1NiIsInR5cCI6IkpXVCJ9.eyJpZCI6IjAyZTdiMWY4LTkyYzAtNGM2Zi1hNjdjLTNmMGRjYzdlNzViYSIsImVtYWlsIjoiYWRtaW5AeW9wbWFpbC5jb20iLCJuYW1lIjoiYWRtaW4iLCJpYXQiOjE3MjA3MTEwOTV9.Lg9mj6tfDOvJPAjLYrB3PX4QmTQb5unitHGDE0JvA7o',NULL,'Bearer'),('b48ece2a-bcd6-462f-9245-7b06abc01fda','4868eeb8-2308-4642-90ff-2abf4960bc02','eyJhbGciOiJIUzI1NiIsInR5cCI6IkpXVCJ9.eyJpZCI6IjQ4NjhlZWI4LTIzMDgtNDY0Mi05MGZmLTJhYmY0OTYwYmMwMiIsImVtYWlsIjoibWhvZ3V0eTAyMTNAeW9wbWFpbC5jb20iLCJuYW1lIjoiTmd1eWVuIFF1b2MgVHJ1bmciLCJpYXQiOjE3MjA3MTc2MDh9.3NkBoZgAxiiYVZRcixpyzXsaxOGosiv7PdXof9CDS20','eyJhbGciOiJIUzI1NiIsInR5cCI6IkpXVCJ9.eyJpZCI6IjQ4NjhlZWI4LTIzMDgtNDY0Mi05MGZmLTJhYmY0OTYwYmMwMiIsImVtYWlsIjoibWhvZ3V0eTAyMTNAeW9wbWFpbC5jb20iLCJuYW1lIjoiTmd1eWVuIFF1b2MgVHJ1bmciLCJpYXQiOjE3MjA3MTc2MDh9.BbaqV6KQ7-8CbaUn7P3is2YLUnlYZHRMmDA-9T9Wk5Y',NULL,'Bearer'),('bb2a8e20-d1fc-4a24-bbf7-cfd91259784e','4868eeb8-2308-4642-90ff-2abf4960bc02','eyJhbGciOiJIUzI1NiIsInR5cCI6IkpXVCJ9.eyJpZCI6IjQ4NjhlZWI4LTIzMDgtNDY0Mi05MGZmLTJhYmY0OTYwYmMwMiIsImVtYWlsIjoibWhvZ3V0eTAyMTNAeW9wbWFpbC5jb20iLCJuYW1lIjoiTmd1eWVuIFF1b2MgVHJ1bmciLCJpYXQiOjE3MjA3MTYyOTl9.XOlRSjNTInOSKW2G0Y-BNGOlI2Um-VBXn5WuNoC0o5Q','eyJhbGciOiJIUzI1NiIsInR5cCI6IkpXVCJ9.eyJpZCI6IjQ4NjhlZWI4LTIzMDgtNDY0Mi05MGZmLTJhYmY0OTYwYmMwMiIsImVtYWlsIjoibWhvZ3V0eTAyMTNAeW9wbWFpbC5jb20iLCJuYW1lIjoiTmd1eWVuIFF1b2MgVHJ1bmciLCJpYXQiOjE3MjA3MTYyOTksImV4cCI6MTcyMDg4OTA5OX0._P21dOnCrApPtJ5W2EUl2B1qOu6i9XADt2izJy80UBI',NULL,'Bearer'),('f346d91f-319c-4990-a669-cc45b02b7a63','00b57c29-f25c-4f74-b016-b5419b53b979','eyJhbGciOiJIUzI1NiIsInR5cCI6IkpXVCJ9.eyJpZCI6IjAwYjU3YzI5LWYyNWMtNGY3NC1iMDE2LWI1NDE5YjUzYjk3OSIsImVtYWlsIjoibWFya2V0ZXJAeW9wbWFpbC5jb20iLCJuYW1lIjoiTmd1eWVuIFF1b2MgVHJ1bmciLCJpYXQiOjE3MjA3MTEyNDN9.SiqwMHy-t_6cQIUrLGECVqhNMFMP6mJ16UarR-6uuiQ','eyJhbGciOiJIUzI1NiIsInR5cCI6IkpXVCJ9.eyJpZCI6IjAwYjU3YzI5LWYyNWMtNGY3NC1iMDE2LWI1NDE5YjUzYjk3OSIsImVtYWlsIjoibWFya2V0ZXJAeW9wbWFpbC5jb20iLCJuYW1lIjoiTmd1eWVuIFF1b2MgVHJ1bmciLCJpYXQiOjE3MjA3MTEyNDN9.8IjqxLtLGYAr0Z6xq2rXyExf5yOvt_InyMPbOyi3ess',NULL,'Bearer');
/*!40000 ALTER TABLE `Account` ENABLE KEYS */;
UNLOCK TABLES;

--
-- Table structure for table `AuditLog`
--

DROP TABLE IF EXISTS `AuditLog`;
/*!40101 SET @saved_cs_client     = @@character_set_client */;
/*!50503 SET character_set_client = utf8mb4 */;
CREATE TABLE `AuditLog` (
  `id` varchar(191) COLLATE utf8mb4_unicode_ci NOT NULL,
  `action` enum('CREATE','UPDATE','DELETE') COLLATE utf8mb4_unicode_ci NOT NULL,
  `orderId` varchar(191) COLLATE utf8mb4_unicode_ci NOT NULL,
  `title` varchar(191) COLLATE utf8mb4_unicode_ci NOT NULL,
  `userId` varchar(191) COLLATE utf8mb4_unicode_ci NOT NULL,
  `userImage` text COLLATE utf8mb4_unicode_ci NOT NULL,
  `userName` text COLLATE utf8mb4_unicode_ci NOT NULL,
  `userEmail` text COLLATE utf8mb4_unicode_ci NOT NULL,
  `createdAt` datetime(3) NOT NULL DEFAULT CURRENT_TIMESTAMP(3),
  `updatedAt` datetime(3) NOT NULL,
  PRIMARY KEY (`id`)
) ENGINE=InnoDB DEFAULT CHARSET=utf8mb4 COLLATE=utf8mb4_unicode_ci;
/*!40101 SET character_set_client = @saved_cs_client */;

--
-- Dumping data for table `AuditLog`
--

LOCK TABLES `AuditLog` WRITE;
/*!40000 ALTER TABLE `AuditLog` DISABLE KEYS */;
/*!40000 ALTER TABLE `AuditLog` ENABLE KEYS */;
UNLOCK TABLES;

--
-- Table structure for table `Brand`
--

DROP TABLE IF EXISTS `Brand`;
/*!40101 SET @saved_cs_client     = @@character_set_client */;
/*!50503 SET character_set_client = utf8mb4 */;
CREATE TABLE `Brand` (
  `id` varchar(191) COLLATE utf8mb4_unicode_ci NOT NULL,
  `name` varchar(191) COLLATE utf8mb4_unicode_ci NOT NULL,
  `createdAt` datetime(3) NOT NULL DEFAULT CURRENT_TIMESTAMP(3),
  `updatedAt` datetime(3) NOT NULL,
  PRIMARY KEY (`id`)
) ENGINE=InnoDB DEFAULT CHARSET=utf8mb4 COLLATE=utf8mb4_unicode_ci;
/*!40101 SET character_set_client = @saved_cs_client */;

--
-- Dumping data for table `Brand`
--

LOCK TABLES `Brand` WRITE;
/*!40000 ALTER TABLE `Brand` DISABLE KEYS */;
INSERT INTO `Brand` VALUES ('0054aeea-ee4e-45cb-83e7-3b4edc87af35','Antonio Banderas','2024-06-16 09:45:02.038','2024-06-16 09:45:02.038'),('04c57c0d-c5cb-4f5f-8a4f-4f6781b4555a','Yves Saint Laurent','2024-06-16 09:49:45.870','2024-06-16 09:49:45.870'),('05752e7f-c625-4967-bba8-3c785a8bae13','Prada','2024-06-16 09:48:54.793','2024-06-16 09:48:54.793'),('0ca5fc82-d498-4fad-a909-714eac5b2576','Hugo Boss','2024-06-16 09:47:56.344','2024-06-16 09:47:56.344'),('18750598-d765-4a76-b0e7-85374395b689','Carolina Herrera','2024-06-16 09:45:31.550','2024-06-16 09:45:31.550'),('1cdb8688-074a-4d26-99fc-b3d9f5e77bb3','Gucci','2024-06-16 09:47:39.448','2024-06-16 09:47:39.448'),('1eebfbf3-d903-45de-ad05-9a97ffbed0b8','Montblanc','2024-06-16 09:48:43.217','2024-06-16 09:48:43.217'),('358d2521-a2b1-420b-b23b-533d66671f9d','Louis Vuitton','2024-06-16 09:48:21.032','2024-06-16 09:48:21.032'),('3fa9c260-74fc-4373-8018-65f33a4b01d8','Dolce & Gabbana','2024-06-16 09:47:12.512','2024-06-16 09:47:12.512'),('42400ec7-e47a-4b72-a1a5-329a345c8960','Coach','2024-06-16 09:46:46.191','2024-06-16 09:46:46.191'),('4ce0e858-3596-4b22-a079-da312b4d9243','Christian Louboutin','2024-06-16 09:45:51.686','2024-06-16 09:45:51.686'),('4f8cf175-0024-4ab5-ac87-cb559aacb54a','Maison Francis Kurkdjian Paris','2024-06-16 09:48:29.125','2024-06-16 09:48:29.125'),('5333a460-67b7-4587-b485-0d7d1292f4d4','Dior','2024-06-16 09:46:59.488','2024-06-16 09:46:59.488'),('53c99c1f-60ac-46fa-bda6-eed7d0c2ee2d','Diptyque','2024-06-16 09:47:04.840','2024-06-16 09:47:04.840'),('55f0a9e8-3edc-43cb-920e-fe735eb92558','Lacoste','2024-06-16 09:48:05.945','2024-06-16 09:48:05.945'),('5a4b22c2-f362-4495-ac8b-471be5d8fad1','Versace','2024-06-16 09:49:39.692','2024-06-16 09:49:39.692'),('5b2bb3a2-4200-499c-87ce-8d6323bfea75','Shakira','2024-06-16 09:49:01.440','2024-06-16 09:49:01.440'),('5bd68c16-faca-41cf-a903-0c70f9f8876a','Calvin Klein','2024-06-16 09:46:16.127','2024-06-16 09:46:16.127'),('63e977bb-9da8-4779-86e7-833ba410ad31','Marc Jacobs','2024-06-16 09:48:37.161','2024-06-16 09:48:37.161'),('6a9b7f43-3fa9-4c98-a6f9-6167f75df44c','Tom Ford','2024-06-16 09:49:08.090','2024-06-16 09:49:08.090'),('72ace1e6-8d7b-4a24-b9b5-f657b3055ca1','Creed','2024-06-16 09:46:53.247','2024-06-16 09:46:53.247'),('75b3c014-3214-4dc7-b5da-07b732be412a','Givenchy','2024-06-16 09:47:31.688','2024-06-16 09:47:31.688'),('96f6a040-f408-4b5d-aab4-b2eaf3f8889d','Giorgio Armani','2024-06-16 09:47:24.809','2024-06-16 09:47:24.809'),('aa736e1e-a104-45f5-a8f2-91fd8efa53f4','Chanel','2024-06-16 09:45:44.343','2024-06-16 09:45:44.343'),('acf566b2-a114-4b5c-acfd-e617f0cb61ef','Le Labo','2024-06-16 09:48:14.585','2024-06-16 09:48:14.585'),('b264b244-ea10-44d8-8efc-724b5ee24b44','Bvlgari','2024-06-16 09:45:21.618','2024-06-16 09:45:21.618'),('b7f097ca-ad8a-4f70-a80d-14a82dc4d66f','United Colors Of Benetton','2024-06-16 09:49:18.187','2024-06-16 09:49:18.187'),('da3eadf7-f466-4e1f-83a8-225d614a4876','Hermes','2024-06-16 09:47:45.913','2024-06-16 09:47:45.913'),('ebb4e53d-d4f6-4df3-a82d-30722d1b3b80','Burberry','2024-06-16 09:45:08.950','2024-06-16 09:45:08.950'),('fe05e0a0-6447-4761-acf6-f7df3649bf8c','Valentino','2024-06-16 09:49:24.883','2024-06-16 09:49:24.883');
/*!40000 ALTER TABLE `Brand` ENABLE KEYS */;
UNLOCK TABLES;

--
-- Table structure for table `Cart`
--

DROP TABLE IF EXISTS `Cart`;
/*!40101 SET @saved_cs_client     = @@character_set_client */;
/*!50503 SET character_set_client = utf8mb4 */;
CREATE TABLE `Cart` (
  `id` varchar(191) COLLATE utf8mb4_unicode_ci NOT NULL,
  `quantity` int NOT NULL DEFAULT '1',
  `userId` varchar(191) COLLATE utf8mb4_unicode_ci NOT NULL,
  `productId` varchar(191) COLLATE utf8mb4_unicode_ci NOT NULL,
  `createdAt` datetime(3) NOT NULL DEFAULT CURRENT_TIMESTAMP(3),
  `updatedAt` datetime(3) NOT NULL,
  PRIMARY KEY (`id`),
  KEY `Cart_userId_productId_idx` (`userId`,`productId`),
  KEY `Cart_productId_fkey` (`productId`),
  CONSTRAINT `Cart_productId_fkey` FOREIGN KEY (`productId`) REFERENCES `Product` (`id`) ON DELETE CASCADE ON UPDATE CASCADE,
  CONSTRAINT `Cart_userId_fkey` FOREIGN KEY (`userId`) REFERENCES `User` (`id`) ON DELETE CASCADE ON UPDATE CASCADE
) ENGINE=InnoDB DEFAULT CHARSET=utf8mb4 COLLATE=utf8mb4_unicode_ci;
/*!40101 SET character_set_client = @saved_cs_client */;

--
-- Dumping data for table `Cart`
--

LOCK TABLES `Cart` WRITE;
/*!40000 ALTER TABLE `Cart` DISABLE KEYS */;
INSERT INTO `Cart` VALUES ('866cfe8f-df09-49d8-98f7-973414b5aed8',1,'4868eeb8-2308-4642-90ff-2abf4960bc02','94ef2edd-5189-422f-aa4f-85c8c7a92b7c','2024-07-11 16:56:28.655','2024-07-11 16:56:28.655');
/*!40000 ALTER TABLE `Cart` ENABLE KEYS */;
UNLOCK TABLES;

--
-- Table structure for table `Category`
--

DROP TABLE IF EXISTS `Category`;
/*!40101 SET @saved_cs_client     = @@character_set_client */;
/*!50503 SET character_set_client = utf8mb4 */;
CREATE TABLE `Category` (
  `id` varchar(191) COLLATE utf8mb4_unicode_ci NOT NULL,
  `name` varchar(191) COLLATE utf8mb4_unicode_ci NOT NULL,
  `createdAt` datetime(3) NOT NULL DEFAULT CURRENT_TIMESTAMP(3),
  `updatedAt` datetime(3) NOT NULL,
  PRIMARY KEY (`id`)
) ENGINE=InnoDB DEFAULT CHARSET=utf8mb4 COLLATE=utf8mb4_unicode_ci;
/*!40101 SET character_set_client = @saved_cs_client */;

--
-- Dumping data for table `Category`
--

LOCK TABLES `Category` WRITE;
/*!40000 ALTER TABLE `Category` DISABLE KEYS */;
INSERT INTO `Category` VALUES ('da8150d4-5189-4600-8b02-0ed4db68bc2e','Nước hoa nam','2024-06-07 04:04:56.568','2024-06-07 04:04:56.568'),('f432f957-719a-4315-b44a-6e31588d650b','Nước hoa nữ','2024-06-12 12:51:25.295','2024-06-12 12:51:25.295');
/*!40000 ALTER TABLE `Category` ENABLE KEYS */;
UNLOCK TABLES;

--
-- Table structure for table `Feedback`
--

DROP TABLE IF EXISTS `Feedback`;
/*!40101 SET @saved_cs_client     = @@character_set_client */;
/*!50503 SET character_set_client = utf8mb4 */;
CREATE TABLE `Feedback` (
  `id` varchar(191) COLLATE utf8mb4_unicode_ci NOT NULL,
  `description` text COLLATE utf8mb4_unicode_ci,
  `userId` varchar(191) COLLATE utf8mb4_unicode_ci NOT NULL,
  `productId` varchar(191) COLLATE utf8mb4_unicode_ci NOT NULL,
  `rating` int DEFAULT NULL,
  `isShow` tinyint(1) NOT NULL DEFAULT '1',
  `createdAt` datetime(3) NOT NULL DEFAULT CURRENT_TIMESTAMP(3),
  `updatedAt` datetime(3) NOT NULL,
  PRIMARY KEY (`id`),
  KEY `Feedback_userId_productId_idx` (`userId`,`productId`),
  KEY `Feedback_productId_fkey` (`productId`),
  CONSTRAINT `Feedback_productId_fkey` FOREIGN KEY (`productId`) REFERENCES `Product` (`id`) ON DELETE CASCADE ON UPDATE CASCADE,
  CONSTRAINT `Feedback_userId_fkey` FOREIGN KEY (`userId`) REFERENCES `User` (`id`) ON DELETE CASCADE ON UPDATE CASCADE
) ENGINE=InnoDB DEFAULT CHARSET=utf8mb4 COLLATE=utf8mb4_unicode_ci;
/*!40101 SET character_set_client = @saved_cs_client */;

--
-- Dumping data for table `Feedback`
--

LOCK TABLES `Feedback` WRITE;
/*!40000 ALTER TABLE `Feedback` DISABLE KEYS */;
INSERT INTO `Feedback` VALUES ('27d514da-66cc-4953-a820-019df5fc0cad','Nice','4868eeb8-2308-4642-90ff-2abf4960bc02','b89e6fdb-e745-48b2-8794-f2247a241ad9',5,1,'2024-07-11 17:03:56.719','2024-07-11 17:03:56.719'),('32eb2a7c-be29-4e57-994a-1dc536eaa711','San pham tuyet voi','4868eeb8-2308-4642-90ff-2abf4960bc02','94ef2edd-5189-422f-aa4f-85c8c7a92b7c',4,1,'2024-07-11 17:03:37.744','2024-07-11 17:03:37.744'),('9150c9ff-8bee-4d06-a7f7-c9eef581bd4d','Tam dc','4868eeb8-2308-4642-90ff-2abf4960bc02','3bf9ec3e-bd3f-4250-a130-dd6629698ee3',3,1,'2024-07-11 17:04:24.049','2024-07-11 17:04:24.049'),('b6546347-2b96-4f90-9431-9b448e2e7199','Good','4868eeb8-2308-4642-90ff-2abf4960bc02','94ef2edd-5189-422f-aa4f-85c8c7a92b7c',5,1,'2024-07-11 17:03:24.527','2024-07-11 17:03:24.527'),('ebce66e0-b48f-49d4-b31b-df99936adbc4','San pham rat tot','4868eeb8-2308-4642-90ff-2abf4960bc02','a8d62733-6dc2-4a39-9319-5328f5739dd9',5,1,'2024-07-11 17:03:52.107','2024-07-11 17:03:52.107'),('ef833ec3-c107-4ff0-87c6-504a33ded7d6','San pham te, giao hang lau','4868eeb8-2308-4642-90ff-2abf4960bc02','723f261f-5f75-458c-9a85-372bb553496c',2,1,'2024-07-11 17:04:16.368','2024-07-11 17:04:16.368');
/*!40000 ALTER TABLE `Feedback` ENABLE KEYS */;
UNLOCK TABLES;

--
-- Table structure for table `FeedbackImage`
--

DROP TABLE IF EXISTS `FeedbackImage`;
/*!40101 SET @saved_cs_client     = @@character_set_client */;
/*!50503 SET character_set_client = utf8mb4 */;
CREATE TABLE `FeedbackImage` (
  `id` varchar(191) COLLATE utf8mb4_unicode_ci NOT NULL,
  `url` text COLLATE utf8mb4_unicode_ci NOT NULL,
  `feedbackId` varchar(191) COLLATE utf8mb4_unicode_ci NOT NULL,
  PRIMARY KEY (`id`),
  KEY `FeedbackImage_feedbackId_idx` (`feedbackId`),
  CONSTRAINT `FeedbackImage_feedbackId_fkey` FOREIGN KEY (`feedbackId`) REFERENCES `Feedback` (`id`) ON DELETE CASCADE ON UPDATE CASCADE
) ENGINE=InnoDB DEFAULT CHARSET=utf8mb4 COLLATE=utf8mb4_unicode_ci;
/*!40101 SET character_set_client = @saved_cs_client */;

--
-- Dumping data for table `FeedbackImage`
--

LOCK TABLES `FeedbackImage` WRITE;
/*!40000 ALTER TABLE `FeedbackImage` DISABLE KEYS */;
/*!40000 ALTER TABLE `FeedbackImage` ENABLE KEYS */;
UNLOCK TABLES;

--
-- Table structure for table `Order`
--

DROP TABLE IF EXISTS `Order`;
/*!40101 SET @saved_cs_client     = @@character_set_client */;
/*!50503 SET character_set_client = utf8mb4 */;
CREATE TABLE `Order` (
  `id` varchar(191) COLLATE utf8mb4_unicode_ci NOT NULL,
  `appTransId` varchar(191) COLLATE utf8mb4_unicode_ci DEFAULT NULL,
  `userId` varchar(191) COLLATE utf8mb4_unicode_ci DEFAULT NULL,
  `address` varchar(191) COLLATE utf8mb4_unicode_ci NOT NULL,
  `name` varchar(191) COLLATE utf8mb4_unicode_ci NOT NULL,
  `gender` enum('MALE','FEMALE') COLLATE utf8mb4_unicode_ci NOT NULL,
  `email` varchar(191) COLLATE utf8mb4_unicode_ci NOT NULL,
  `phone` varchar(191) COLLATE utf8mb4_unicode_ci NOT NULL,
  `status` enum('PAYMENT_PENDING','PAID','PENDING','CONFIRMED','DELIVERING','DELIVERED','CANCELED') COLLATE utf8mb4_unicode_ci NOT NULL DEFAULT 'PENDING',
  `totalAmount` int NOT NULL,
  `notes` text COLLATE utf8mb4_unicode_ci,
  `paymentMethod` enum('BANK_TRANSFER','CASH_ON_DELIVERY') COLLATE utf8mb4_unicode_ci NOT NULL DEFAULT 'CASH_ON_DELIVERY',
  `createdAt` datetime(3) NOT NULL DEFAULT CURRENT_TIMESTAMP(3),
  `updatedAt` datetime(3) NOT NULL,
  `sellerId` varchar(191) COLLATE utf8mb4_unicode_ci DEFAULT NULL,
  PRIMARY KEY (`id`),
  UNIQUE KEY `Order_appTransId_key` (`appTransId`),
  KEY `Order_userId_idx` (`userId`),
  KEY `Order_sellerId_idx` (`sellerId`),
  CONSTRAINT `Order_sellerId_fkey` FOREIGN KEY (`sellerId`) REFERENCES `User` (`id`) ON DELETE CASCADE ON UPDATE CASCADE,
  CONSTRAINT `Order_userId_fkey` FOREIGN KEY (`userId`) REFERENCES `User` (`id`) ON DELETE CASCADE ON UPDATE CASCADE
) ENGINE=InnoDB DEFAULT CHARSET=utf8mb4 COLLATE=utf8mb4_unicode_ci;
/*!40101 SET character_set_client = @saved_cs_client */;

--
-- Dumping data for table `Order`
--

LOCK TABLES `Order` WRITE;
/*!40000 ALTER TABLE `Order` DISABLE KEYS */;
INSERT INTO `Order` VALUES ('1f1da27e-1295-4d3a-88cd-7fccc6c7aabe',NULL,'4868eeb8-2308-4642-90ff-2abf4960bc02','Hanoi','Nguyen Quoc Trung','MALE','mhoguty0213@yopmail.com','0912345678','PENDING',0,NULL,'CASH_ON_DELIVERY','2024-07-11 17:02:10.775','2024-07-11 17:02:10.775',NULL),('2c509a52-18de-44d5-91ed-7dcdd792118f',NULL,'4868eeb8-2308-4642-90ff-2abf4960bc02','Hanoi','Nguyen Quoc Trung','MALE','mhoguty0213@yopmail.com','0912345678','PENDING',0,NULL,'CASH_ON_DELIVERY','2024-07-11 17:07:11.056','2024-07-11 17:07:11.056',NULL),('397d34a4-84c3-42a2-a7ac-40d9abb47030','240712_950106','4868eeb8-2308-4642-90ff-2abf4960bc02','Hanoi','Nguyen Quoc Trung','MALE','mhoguty0213@yopmail.com','0912345678','PAYMENT_PENDING',0,NULL,'BANK_TRANSFER','2024-07-11 16:59:36.280','2024-07-11 17:00:23.343',NULL),('3b4c8a7d-0dd9-4f04-8ddd-60e785c0b131',NULL,'4868eeb8-2308-4642-90ff-2abf4960bc02','Hanoi','Nguyen Quoc Trung','MALE','mhoguty0213@yopmail.com','0912345678','PENDING',0,NULL,'CASH_ON_DELIVERY','2024-07-11 16:58:04.711','2024-07-11 16:58:04.711',NULL),('42dad8dc-71ba-4e2d-b9d4-2fa140297fe7',NULL,'4868eeb8-2308-4642-90ff-2abf4960bc02','Hanoi','Nguyen Quoc Trung','MALE','mhoguty0213@yopmail.com','0912345678','PENDING',0,NULL,'CASH_ON_DELIVERY','2024-07-11 17:00:17.837','2024-07-11 17:00:17.837',NULL),('60a3c234-cc54-4da2-9fec-445f82d4e69b',NULL,'4868eeb8-2308-4642-90ff-2abf4960bc02','Hanoi','Nguyen Quoc Trung','MALE','mhoguty0213@yopmail.com','0912345678','PENDING',0,NULL,'CASH_ON_DELIVERY','2024-07-11 16:57:37.387','2024-07-11 16:57:37.387',NULL),('8b20cc9e-a50e-4c6c-a668-bb3ce9e0936e',NULL,'4868eeb8-2308-4642-90ff-2abf4960bc02','Hanoi','Nguyen Quoc Trung','MALE','mhoguty0213@yopmail.com','0912345678','PENDING',0,NULL,'CASH_ON_DELIVERY','2024-07-11 16:56:56.899','2024-07-11 16:56:56.899',NULL),('d70e8abd-7387-4d3c-bfad-8212b9a1fa44',NULL,NULL,'Đại học FPT Hòa Lạc','Dương Đức Hiếu','MALE','mhoguty0213@gmail.com','0917451496','PENDING',1890000,NULL,'CASH_ON_DELIVERY','2024-07-11 17:06:37.219','2024-07-11 17:06:37.219',NULL);
/*!40000 ALTER TABLE `Order` ENABLE KEYS */;
UNLOCK TABLES;

--
-- Table structure for table `OrderDetail`
--

DROP TABLE IF EXISTS `OrderDetail`;
/*!40101 SET @saved_cs_client     = @@character_set_client */;
/*!50503 SET character_set_client = utf8mb4 */;
CREATE TABLE `OrderDetail` (
  `id` varchar(191) COLLATE utf8mb4_unicode_ci NOT NULL,
  `quantity` int NOT NULL,
  `originalPrice` int NOT NULL,
  `discountPrice` int DEFAULT NULL,
  `totalPrice` int NOT NULL,
  `thumbnail` text COLLATE utf8mb4_unicode_ci NOT NULL,
  `brand` varchar(191) COLLATE utf8mb4_unicode_ci NOT NULL,
  `size` int NOT NULL,
  `category` varchar(191) COLLATE utf8mb4_unicode_ci NOT NULL,
  `productId` varchar(191) COLLATE utf8mb4_unicode_ci NOT NULL,
  `productName` varchar(191) COLLATE utf8mb4_unicode_ci NOT NULL,
  `orderId` varchar(191) COLLATE utf8mb4_unicode_ci NOT NULL,
  PRIMARY KEY (`id`),
  KEY `OrderDetail_orderId_idx` (`orderId`),
  CONSTRAINT `OrderDetail_orderId_fkey` FOREIGN KEY (`orderId`) REFERENCES `Order` (`id`) ON DELETE CASCADE ON UPDATE CASCADE
) ENGINE=InnoDB DEFAULT CHARSET=utf8mb4 COLLATE=utf8mb4_unicode_ci;
/*!40101 SET character_set_client = @saved_cs_client */;

--
-- Dumping data for table `OrderDetail`
--

LOCK TABLES `OrderDetail` WRITE;
/*!40000 ALTER TABLE `OrderDetail` DISABLE KEYS */;
INSERT INTO `OrderDetail` VALUES ('00f9f590-5c48-4d37-b5e0-35466bab2e7e',1,2083000,1890000,1890000,'1720712219505-nuoc-hoa-burberry-her-eau-de-parfum-30ml-e1669705271235.png','Burberry',30,'Nước hoa nữ','723f261f-5f75-458c-9a85-372bb553496c','Burberry Her Eau De Parfum','d70e8abd-7387-4d3c-bfad-8212b9a1fa44');
/*!40000 ALTER TABLE `OrderDetail` ENABLE KEYS */;
UNLOCK TABLES;

--
-- Table structure for table `Post`
--

DROP TABLE IF EXISTS `Post`;
/*!40101 SET @saved_cs_client     = @@character_set_client */;
/*!50503 SET character_set_client = utf8mb4 */;
CREATE TABLE `Post` (
  `id` varchar(191) COLLATE utf8mb4_unicode_ci NOT NULL,
  `title` varchar(191) COLLATE utf8mb4_unicode_ci NOT NULL,
  `description` text COLLATE utf8mb4_unicode_ci,
  `briefInfo` text COLLATE utf8mb4_unicode_ci,
  `thumbnail` text COLLATE utf8mb4_unicode_ci,
  `isShow` tinyint(1) NOT NULL DEFAULT '1',
  `userId` varchar(191) COLLATE utf8mb4_unicode_ci NOT NULL,
  `isFeatured` tinyint(1) NOT NULL DEFAULT '0',
  `createdAt` datetime(3) NOT NULL DEFAULT CURRENT_TIMESTAMP(3),
  `updatedAt` datetime(3) NOT NULL,
  `category` enum('NEWS','REVIEW') COLLATE utf8mb4_unicode_ci NOT NULL,
  PRIMARY KEY (`id`),
  KEY `Post_userId_fkey` (`userId`),
  CONSTRAINT `Post_userId_fkey` FOREIGN KEY (`userId`) REFERENCES `User` (`id`) ON DELETE CASCADE ON UPDATE CASCADE
) ENGINE=InnoDB DEFAULT CHARSET=utf8mb4 COLLATE=utf8mb4_unicode_ci;
/*!40101 SET character_set_client = @saved_cs_client */;

--
-- Dumping data for table `Post`
--

LOCK TABLES `Post` WRITE;
/*!40000 ALTER TABLE `Post` DISABLE KEYS */;
INSERT INTO `Post` VALUES ('0473b8b0-3d57-410b-9af4-796a7889e1e9','Review Nước Hoa Hermes Twilly d’Hermes Eau Ginger Eau De Parfum 85ml Sức Sống Tươi Trẻ','Hermes Twilly d’Hermes Eau Ginger EDP – Tràn đầy sức sống\nĐặc trưng của Hermes Twilly d’Hermes Eau Ginger\nNhắc đến thương hiệu nước hoa Hermes chắc chắn các nàng nghĩ ngay đến dòng nước hoa nổi tiếng Twilly d’Hermes. Dòng nước hoa nay mang lại một trải nghiệm đầy thông minh, linh hoạt cho các nàng. Đó là bởi sự thanh lịch, nữ tính mà nó luôn mang lại.\nSau một thời gian lặng tiếng năm 2021 Hermes quay trở lại với dòng Twilly d’Hermes với một siêu phẩm mang tên nước hoa Hermes Twilly d’Hermes Eau Ginger. Hương thơm tưởng chừng quen thuộc lại mới lạ và độc đáo một cách lạ kì. Phong vị được ví như làn gió ấm áp, mang năng lượng của sự trẻ trung tự, tin lan tỏa đến với nàng. Twilly d’Hermes Eau Ginger 85ml lạ lẫm với hương gừng sạch sẽ mang đến sự ấm áp mà tinh tế thổi bừng sức sống cho các cô gái hiện đại.\n\nHương thơm nhẹ nhàng, tinh tế của Hermes Twilly d’Hermes Eau Ginger EDP\nTwilly d’Hermes Eau Ginger 85ml được nhà sáng chế tạo da với hương gừng lạ lẫm, độc đáo. Hương gừng tưởng chừng là một mùi hương mạnh mẽ, cay nồng chỉ dành riêng cho mùa đông thì nay đã được tinh chế cho phù hợp với mùa hè. Chai nước hoa bắt đầu với sự nhẹ nhàng, tinh tế của hoa mẫu đơn. Hương mẫu đơn nhẹ dịu lại vô cùng thanh lịch dẫn lối mở ra nốt hương trái tim. Nơi mà hương gừng sạch sẽ, sống động đang được tỏa sáng. Hương gừng ở đây được giản lược sao cho phẳng phất, tinh tế lại được ướp hương kẹo gừng. Vị ngọt của kẹo khiến cho hương thơm trở nên hài hòa hơn bao giờ hết. Cuối cùng nốt hương ấm áp, mang sự xanh ngát của núi rừng từ hương gỗ tuyết tùng bao trọn lấy nốt hương cuối.\nẤn tượng với độ lưu hương và tỏa hương của Twilly d’Hermes Eau Ginger 85ml\nĐể gia tăng sự quyến rũ, gây ấn tượng với những người xung quanh thì độ lưu hương cũng là một yếu tố. Mang nồng độ Eau De Parfum (EDP) với lưu lượng tinh dầu ở mức cao nên hương thơm lại có thể lưu trên da bạn từ 7 đến 12 tiếng. Hương thơm lan tỏa, phát tán trong vòng một cánh tay vừa đủ. Với thế giới nước hoa, có đến hàng trăng hàng nghìn hương thơm mang phong cách khác nhau thì sản phẩm vẫn luôn thu hút bạn một cách đặc biệt. Nước hoa Hermes Twilly d’Hermes Eau Ginger 85ml sử dụng phù hợp nhất vào ban ngày trong thời tiết xuân hạ thu.\nThiết kế trẻ trung, tinh tế của nước hoa Hermes Twilly d’Hermes Eau Ginger 85ml\nCác nàng có thể dễ dàng nhận ra thiết kế của dòng nước hoa Twilly d’Hermes với chiếc nắp được mô phỏng theo chiếc mũ vàng tròn. Twilly d’Hermes Eau Ginger 85ml giống với các sản phẩm anh chị trước đây của mình. Thân chai hình vuông được bo tròn ở các cạnh cầm chắc tay. Với chất liệu thủy tinh trong suốt nàng có thể thấy được tinh chất màu vàng nhẹ lấp lánh bên trong. Cổ chai được thắt một chiếc nơ màu sắc tượng trưng cho sự thanh lịch cũng như biểu tượng của nhà Hermes. Điểm khác lạ và nổi bật nhất ở đây là màu sắc của chiếc mũ được thay đổi sang màu trắng thanh lịch. Ở Hermes Twilly d’Hermes Eau Ginger 85ml sự đơn giản và thanh lịch vẫn luôn được đưa lên hàng đầu. Nó làm toát lên sự tính biểu trưng, đẳng cấp của một thương hiệu cao cấp hàng dầu thế giới.','Năm 2021 nước hoa Hermes quay trở lại đường đua nước hoa với một dòng nước hoa vừa lạ vừa quen mang tên nước hoa Hermes Twilly d’Hermes Eau Ginger 85ml. Sản phẩm là phiên bản mới nhất của dòng Twilly d’Hermes nổi tiếng bán chạy. Nếu đã quá quen thuộc với mùi hương của Twilly d’Hermes thì phiên bản này sẽ làm các nàng bất ngờ hơn. Hương thơm đặc biệt độc đáo với sự tham gia của gừng. Hương gừng được tinh chế tạo nên cảm giác ấm áp vừa đủ lại vừa tinh tế. Mang đến cho nàng sự trẻ trung, tươi mới và tràn đầy sức sống để nàng tiếp tục mỗi ngày mới.','1720714050059-Nuoc-hoa-Hermes-Twilly-dHermes-Eau-Ginger-85ml.jpg',1,'00b57c29-f25c-4f74-b016-b5419b53b979',1,'2024-07-11 16:07:30.079','2024-07-11 16:07:30.079','REVIEW'),('2ca1dd69-acb2-4b6f-a6b5-53150cd7cba3','Gucci Bloom 30ml giá bao nhiêu? Mùi hương thế nào?','Đôi nét về bộ sưu tập nước hoa Gucci Bloom\nGucci được biết đến là thương hiệu thời trang cao cấp hàng đầu thế giới. Được rất nhiều người nổi tiếng cũng như giới thượng lưu yêu thích. Người đặt nền móng cho “đế chế” thời trang này chính là nhà thiết kế bậc thầy Guccio Gucci. Gucci chính thức được khai sinh vào năm 1881, tại mảnh đất tiềm năng của làng mốt thế giới, Ý.\nSau hơn một thế kỷ làm mưa làm gió trên bản đồ thời trang thế giới. Ít ai biết rằng, “ông hoàng” Gucci đã trải qua biết bao nhiêu thăng trầm để có được vị trí như ngày hôm nay. Không chỉ “thống trị” thị trường thời trang và phụ kiện. Nước hoa Gucci chính hãng luôn mang đến cho chúng ta trải nghiệm tuyệt vời về những hương thơm mang nhiều phong cách, cá tính khác biệt. Một trong những BST thành công nhất của nhà Gucci phải kể đến nước hoa Gucci Bloom.\n\nGucci Bloom được giới thiệu lần đầu vào tháng 8 năm 2017 bởi chuyên gia điều chế nước hoa hàng đầu thế giới – Alberto Morrilas. Với cái tên Gucci Bloom, “nàng thơ” nhà Gucci mang đến nguồn cảm hứng mới cho những cô gái hiện đại. Đó là sự quyến rũ, thanh tao ẩn đằng sau vẻ bề người trẻ trung, xinh đẹp.\nNhư các bạn đã biết. Tính đến thời điểm này, BST Bloom Gucci có tổng cộng 6 mùi hương với từng phong cách, cá tính riêng biệt. Và trong bài viết này mình chủ yếu tìm hiểu sâu về chai nước hoa Bloom EDP. Em nó chính là phiên bản gốc và cũng là nền tảng của cả bộ sưu tập này.\n\nChắc hẳn các bạn nữ ít nhiều đã từng nghe qua cái tên Gucci Bloom rồi phải không? Nếu để miêu tả em nó một cách chân thực nhất. Có lẽ nó chính là cơn gió xuân ngập tràn năng lượng vui vẻ, nhiệt huyết của tuổi trẻ đang đến với bạn. Có khi là một đóa hoa xinh xắn đang lặng lẽ nở rộ trong khu vườn ngập tràn sắc hoa trắng. Một cảm giác rất trần trụi, chân thực như những giọt sương mai vẫn gắng gượng đậu trên đám lá sau một đêm dài.\nĐúng như cái tên của nó, Gucci Bloom EDP chính là khu vườn ngập tràn hoa trắng mà Gucci muốn dành tặng đến cho khách hàng nữ của mình. Hoa nhài, chi ngân và hoa huệ được hòa quyện, đan xen vào nhau mang đến những khoảng khắc vui tươi diệu kỳ. Khiến nàng trở nên yêu đời ngay lập tức, thưởng thức tuổi trẻ với một cái vibe không thể tuyệt vời hơn. Đến cuối cùng gỗ đàn hương kết hợp với vani xuất hiện và hòa quyện vào nhau một cách vô cùng tinh tế. Đẩy đưa cảm xúc lên đến cao trào.','Quả thật không khó để nhận ra mùi hương của Gucci Bloom giữa hàng ngàn chai nước hoa khá. Hương thơm của những bông hoa trắng nở rộ trên nền hoắc hương mong manh nhưng đầy quyến rũ. Khiến bao con tim phải đập loạn xạ và nàng cũng không nằm ngoài số đó. Có rất nhiều bạn thắc mắc rằng Gucci Bloom 30ml giá bao nhiêu? Liệu nó có đắt không? Mùi hướng có xứng đáng với giá tiền bỏ ra không? Nếu như bạn cũng có băn khoăn như thế, hãy cùng tìm câu trả lời cho mình qua bài viết này nha!','1720714491812-gucci-bloom-hong-7.jpg',1,'00b57c29-f25c-4f74-b016-b5419b53b979',1,'2024-07-11 16:14:51.834','2024-07-11 16:14:51.834','NEWS'),('31ae3cb4-ff18-4c29-a8dc-dc9416385e23','Nước Hoa Narciso Đen – Bảo Bối Quyến Rũ, 2 Bản Nar Đen Cực Phẩm','Narciso Rodriguez For Her đen đánh dấu sự ra đời của BST For Her và cũng là đánh dấu cho chuỗi dài thành tích của thương hiệu Narciso Rodriguez. Quả thực hễ nhắc tới xạ hương đương đại ấn tượng nhất chính là nghĩ chai nước hoa For Her này!\n\nNước hoa Narciso đen có mấy loại\nTuy nhiên, đừng nhầm tưởng là nước hoa Narciso đen chỉ có dòng For Her EDP này. Còn có nước hoa Narciso Eau De Toilette bản chai vuông lùn, nắp trong suốt cơ. Đến từ hai dòng khác nhau, với những đặc trưng riêng biệt nên đừng bao giờ nhầm lẫn hai chai nước hoa này nhé! Để phân biệt Narciso đen lùn và Narciso đen cao, cùng theo dõi tiếp.\n\nPhân biệt hai loại nước hoa Nar Rodriguez đen\nĐiểm tương đồng của hai bản nước hoa Nar màu đen là gì?\nĐiểm chung của hai chai nước hoa này là đều thuộc nhóm hương hoa cỏ gỗ xạ hương hay có tên tiếng Anh là Floral Woody Musk.\nĐều có nồng độ là Eau De Toilette (EDT) với hàm lượng tinh dầu ở mức vừa phải.\nĐộ lưu hương đều gần chỉ trong khoảng một cánh tay. Thời điểm dùng là phù hợp cả ngày và đêm. Mùi hương quyến rũ của nước hoa Narciso màu đen thực sự sinh ra là dành cho những mùa xuân, thu, đông thay vì mùa hè nóng bỏng.\nDù hai mùi hương hoàn toàn khác biệt nhưng Narciso Rodriguez vẫn mang đến cảm giác quyến rũ một cách năng động.\nVề mùi hương thì đây là một chai nước hoa mang đến cảm giác hòa quyện sâu vào da dẻ một cách vừa cuốn hút vừa tinh tế. Nước hoa Narciso Rodriguez nữ đầu tiên nên được những nhà sáng chế như Francis Kurkdjian, Christine Nagel gửi gắm trọn vẹn tinh thần của hãng.\n\nMở màn cho nước hoa Narciso For Her đen là thanh mát, là ngọt lành của hoa mộc tê, của hoa cam châu Phi, của cam Bergamot. Mọi thứ khởi đầu êm ái để đến hương giữa, lời mời gọi ý nhị của xạ hương với hổ phách mới lên tiếng. Đến cuối, hương thơm lại càng có độ nồng, độ sâu chứ không còn bình yên, dịu dàng như phút ban đầu. Cỏ hương bài, lan nhiệt đời cùng hoắc hương khiến mùi hương này nâng thêm độ quyến rũ.\n\nTiêu biểu nhất cho nước hoa Narciso đen cao chính là xạ hương và hoa cam châu Phi. Bởi vẫn có chút trái cây nên cảm nhận về mùi hương này không đến nỗi quá khó “cân”. Sự nữ tính được định nghĩa với hơi hướng đầy thu hút, mời gọi. Một chai nước hoa gợi cảm mà khiến bất cứ ai cũng muốn “tận hưởng” cùng bạn.\n\nVề khả năng lưu hương thì nước hoa Narciso Rodriguez For Her này gây bất ngờ. Rõ là nồng độ EDT nhưng lại giữ mùi được lâu. Narciso quả thật khiến ai nấy ngỡ ngàng khi vốn dĩ EDT của hãng khác thì bay mùi rất nhanh. Bởi xạ hương nên mọi thứ kích thích, quyến rũ được lưu giữ dài lâu, dai dẳng hơn hẳn.\nNgoại hình đen sang chảnh đã hút mắt rồi nhưng phải nói rằng rung cảm về mùi hương nước hoa Nar cao này mới càng mạnh mẽ. Thực sự xứng danh một trong những chai nước hoa đáng sắm nhất nhà Narciso Rodriguez.\n\nChai cao đen từ thân đến nắp và phải nhớ bản này vỏ giấy ngoài màu hồng nhé.\n\nNước hoa Nar đen lùn – Narciso Eau De Toilette (2015)\nNói đến nước hoa Narciso Rodriguez thì thấy được chia làm hai dòng thiết kế riêng. Có một phiên bản cao, thân chữ nhật thì cũng có phiên bản thấp lùn với dáng hình vuông vắn. Nước hoa Nar đen lùn ra mắt sau hẳn chục năm so với bản cao. Người tiền nhiệm cảm hứng màu đen bí ẩn, lôi cuốn của Narciso Rodriguez dù không phổ biến bằng nhưng vẫn có dấu ấn riêng.','Nói đến từ khóa nước hoa Narciso đen, nhiều người mặc định ngay về Narciso Rodriguez For Her Eau De Toilette. Đây là mùi hương mở màn cho thế giới nước hoa Narciso Rodriguez. Ra mắt năm 2004, chai Nar đen này gặt hái thành công vang dội cho hãng. Dù khởi đầu bằng một chai nước hoa hiện đại, thời thượng cho giới trẻ nhưng “bữa tiệc” mà Narciso Rodriguez lại không hề nịnh mũi kiểu ai cũng cảm được ngay. Nước hoa thực sự đặc biệt và người càng sành lại càng mê. Xạ hương mới là tâm điểm, cũng chính là thứ nốt hương diệu kỳ, khiêu gợi tạo nên sức hút biểu tượng cho Narciso Rodriguez.','1720715730891-nuoc-hoa-narciso-den.jpg',1,'00b57c29-f25c-4f74-b016-b5419b53b979',0,'2024-07-11 16:35:30.914','2024-07-11 16:35:30.914','NEWS'),('3272103e-11c4-4bca-a512-62de3734a00e','Nước Hoa Narciso Tím – Narciso Rodriguez For Her L’Absolu EDP','Nước hoa Nar tím có mấy loại?\nCó một loại Narciso Rodriguez tím duy nhất. Chai này khá đặc biệt, không chỉ ở ngoại hình bí ẩn mà còn nằm ở mùi hương. Đây là một trong những chai Narciso có độ phức tạp nhất trong từng tầng cũng như hiệu ứng tạo ra vô cùng ảo diệu. Nếu là một cô nàng ghiền sự độc đáo và có phần khác biệt, hãy chọn “lối đi” mang tên nước hoa Narciso màu tím này.\n\nĐôi nét cơ bản về nước hoa Narciso Rodriguez For Her L’Absolu EDP\nĐầu tiên, đây là một chai nước hoa đến từ nhóm hương hoa cỏ xạ hương – Tên tiếng Anh là Floral Woody Musk. Dòng này ra mắt vào năm 2015, thời điểm mà nước hoa Narciso đúng chuẩn ra toàn siêu phẩm, đang làm mưa làm gió trong giới. Nước hoa này là “tác phẩm” được sáng tạo nên bởi Aurelien Guichard. Hóa thân của xạ hương này có độ đậm đà, đam mê và quyến rũ hơn.\n\nCó điều gì nước hoa Narciso tím muốn bày tỏ cùng nàng?\nLật mở từng tầng hương nước hoa Nar tím\nMở đầu cho Narciso For Her tím là hương hoa ngát đặt trưng. Đó là hoa huệ nồng nàn, là hoa nhài cổ điển, tinh khiết. Đến hương giữa là hòa âm của xạ hương, của hương truyền thống. Thay vì để đơn độc xạ hương ở một tầng thì Narciso Rodriguez đã dùng bí quyết riêng để đổi mới cho Narciso tím này. Khép lại hương nước hoa này, hoàn toàn là ấm áp, nồng nàn của hổ phách, hoắc hương và đàn hương. Một cảm giác lôi cuốn, sang trọng theo trong từng nốt hương. Người dùng sẽ vô cùng thích thú khi lần đầu sử dụng chai nước hoa này.\nNếu sành sỏi và tinh ý, dễ thấy ở trong nước hoa Narciso Rodriguez tím rõ nhất chính là hương hoa huệ trắng cùng gỗ xạ hương.\n\nNói về khả năng lưu hương, tỏa hương của nước hoa Narciso tím\nPhải thừa nhận, đây là một trong những chai nước hoa có khả năng lưu hương đỉnh nhất đến từ Narciso Rodriguez. 12 giờ liền là thời gian bám mùi của nước hoa, mặc dù chai này chỉ tỏa hương trong vòng 1 cánh tay thôi.\n\nKhông phân định thời điểm, nước hoa Narciso For Her tím dùng được cả 4 mùa, cho cả ngày lẫn đêm. Độ tuổi phù hợp nhất cho mùi hương có phần chững chạc này là 25 tuổi trở lên.\n\nĐúng là L’absolu, cái nên cũng nói lên được hình dung về mùi hương lẫn ngoại hình của chai nước hoa này. Một hương thơm được coi là biểu tượng cho khát vọng và ham muốn. Dáng chai vẫn chuẩn dòng For Her – kiểu nắp đen, thân chữ nhật cao. Chai thủy tinh sơn màu bên trong, làm nổi bật “đặc tính” riêng của sản phẩm mà vẫn giữ tinh thần chung về sự sang chảnh đến ngút ngàn. Nước hoa này đúng là khơi gợi khát vọng cũng như ham muốn ẩn sâu trong mỗi phái đẹp. Chuẩn xác là chai nước hoa Narciso Rodriguez nữ mà bất cứ ai cũng phải sở hữu.\n\nMặc dù là một mùi hương thơm được đánh giá cao nhưng nước hoa Narciso Rodriguez L’Absolu For Her EDP lại không quá phổ biến tại Việt Nam. Mùi hương này được săn đón bởi hội sành và có gu. Bởi độ khó tìm nên nhiều người nghĩ nước hoa này sẽ ít hàng nhái, hàng giả. Tuy nhiên, hoàn toàn không phải khi Narciso hiện nay hàng trà trộn cực kỳ nhiều. Muốn rinh được nước hoa Nar tím chín hãng về nhà, nhất định phải tìm được những địa chỉ uy tín, chất lượng. Như Theperfume.vn chẳng hạn.\n\nChai nước hoa này có giá tham khảo như sau:\n\nNarciso Rodriguez For Her L’Absolu 30ml khoảng 1550k\nNarciso Rodriguez For Her L’Absolu 50ml giá tham khảo rơi vào khoảng 2450k.\nLưu ý đây chỉ là giá tham khảo, nên chọn lựa địa chỉ mua nước hoa uy tín để rinh được sản phẩm chuẩn chính hãng nhé!\n','Danh sách top những chai nước hoa Narciso thơm nhất, không thể thiếu đi bản nước hoa Narciso tím này. Nhiều người chỉ biết đến Nar hồng, đỏ, trắng, đen mà không hề biết tới sự tồn tại của mẫu For Her tím lịm tìm sim này. Narciso Rodriguez For Her L’Absolu EDP là tên của em nó. Một chai nước hoa ghi danh vào dòng I Profumi Del Marmo rất đáng sắm. Cùng “khai phá” từng tầng hương quyến rũ này dưới đây.','1720715801276-nuoc-hoa-nu-narciso-rodriguez-l-absolu-for-her.jpg',1,'00b57c29-f25c-4f74-b016-b5419b53b979',0,'2024-07-11 16:36:41.299','2024-07-11 16:36:41.299','NEWS'),('35190cdd-78b4-407e-ac7c-4dd2f1954038','Sự thật đằng sau chai nước hoa Gucci hương hoa nhài','Nước hoa Gucci Bloom hồng ra mắt khi nào?\nKhi nhắc đến các sản phẩm thời trang từ quần áo cho đến phụ kiện của Gucci, người ta sẽ nghĩ ngay đến sự chỉn chu, tỉ mỉ tỏng từng từng thiết kế. Và nước hoa cũng không ngoại lệ. Gucci Bloom là một minh chứng cho sự thành công ngoài sức tưởng tượng của nước hoa thương hiệu Gucci. Ngoài ra, BST Bloom còn là dòng sản phẩm khẳng định lại tên tuổi cho Gucci trên thị trường nước hoa thế giới đấy.\nKhác với những BST nước hoa trước đây. Gucci Bloom được bao bọc bởi thân chai sứ tráng men thay vì thủy tinh trong suốt như trước. Với hình chữ nhật tối giản hết mức, làm toát lên sáng vẻ cổ điển nhưng vô cùng sang trọng. Ngoài ra, bên cạnh yếu tố thẩm mỹ, thì thiết kế này còn có tính bền vững với thời gian, bởi rất khó để có thể lỗi mốt.\n\nDường như ngoại hình chỉ là yếu tố để che giấu đi sự tinh tế, sâu sắc của mùi hương được bao bọc bên trong. Càng khiến cho khách hàng tăng thêm sự tò mò. Như tên gọi thì nước hoa Gucci Bloom hồng chứa đựng những nốt hương hoa thơm ngát, trẻ trung. Thích hợp dùng cho mọi điều kiện thời tiết. Đặc biệt là mùa xuân, thu.\nKhám phá nước hoa Gucci hương hoa nhài gây nghiện\nCho đến thời điểm hiện tại, mặc dù dòng Gucci Bloom đã được ra mắt thêm khá nhiều mùi hương mới. Thế nhưng phiên bản Gucci Bloom hồng vẫn là best seller của BST nói riêng và của hãng nói chung. Và gần đây đang hot trend “anh không phải gout em, gu của em là Gucci”. Và sau đó là sự xuất hiện của cô nàng Gucci Bloom EDP này. Điều này có thể thấy được độ hot của em này là không hề thuyên giảm, mặc dù đã được ra đời cách đây 4 năm rồi.\n“Bloom” có nghĩa là hoa nở. Còn mùi hương của nước hoa Gucci nữ cũng giống như tên nó vậy. Bạn sẽ có cảm giác như mình đi lạc vào một vườn hoa đang đua nhau nở khi xịt chai nước hoa này. Bạn dễ dàng cảm nhận được hương hoa đó được tạo nên bởi hoa huệ trắng và hoa nhài. Và điều đặc biệt là nốt hương hoa huệ của em này cực kỳ rõ nét luôn. Từ top note cho đến khi dry down, bạn đều có thể cảm nhận được hương hoa huệ dịu dàng, tinh khiết và cực kỳ sang trọng. Nó giống như cô nàng tiểu thư nhà giàu bước ra từ tòa lâu đài cổ. Một nét đẹp đầy cổ điển, quý phái, sang vô cùng.\n\nVì vậy, những bạn gái nào đã trót yêu nốt hương hoa huệ thì đây chính là chai nước hoa đáp ứng được nhu cầu của bạn. Với quan điểm cá nhân của mình, mùi hoa huệ này khá là trẻ trung nên sẽ thích hợp với những bạn nào ngoài hai mươi.\nThiết kế đẹp đến từng chi tiết của cô nàng nước hoa Gucci Bloom nữ\nCó thể nói, Gucci Bloom là chai nước hoa có thiết kế đơn giản nhất trong số những sản phẩm mình biết. Nếu bạn nhìn lướt qua sẽ nghĩ em nó được đựng trong một hộp nhựa màu hồng nude đơn điệu nhưng vô cùng thanh lịch. Nhưng sự thật nó được làm bằng loại sứ tráng gốm, cầm rất là chắc tay. Trông thì rất đơn giản nhưng mang lại cảm giác cực kỳ thu hút ngay từ cái nhìn đầu tiên. Nếu như nước hoa Gucci Bloom dịu dàng, thanh lịch với nốt hương hương hoa nhài trắng. Thì diện mạo của em nó lại cực kỳ tối giản và cổ điển.\nThời gian lưu hương ấn tượng của “cô gái mới lớn” nhà Gucci\nKhi cảm nhận mùi hương của Gucci Bloom, mình liên tưởng đến những cô nàng độ tuổi xuân thì, mười tám đôi mươi. Nàng mặc một chiếc váy trắng xinh xắn, nhẹ nhàng. Tóc xõa ngang vai, nụ cười tươi rói chầu chực trên môi. Tâm trạng vui vẻ tạo nên thần thái tự tin, rạng rỡ. Thu hút mọi ánh nhìn. Đặc biệt trong những người đàn ông, Gucci Bloom mong manh, dịu dàng đến mức họ không nỡ chạm vào. Thay vào đó muốn được che chở, bảo vệ nàng cả đời này.\nVề độ bám tỏa thì mình đánh giá khả năng lưu hương của em này ở mức 4/5. Em nó cỏ thể bám trên da nàng từ 4 – 6 tiếng đồng hồ. Tỏa hương trong phạm vi một cánh tay với hương thơm nhẹ nhàng dễ chịu của hoa huệ và nhài. Rất thích hợp để sử dụng trong hoản cảnh văn phòng.\nVới một siêu phẩm đến từ luxury brand nổi tiếng như Gucci. Nằm trong bộ sưu tập nổi tiếng với hương thơm nữ sang trọng và diện mạo thu hút. Nhưng nước hoa Gucci chính hãng chỉ có giá khoảng 2,5 – 3,5 triệu đồng. Phù hợp với những cô gái trẻ chưa có thu nhập ổn định. Hay những bạn học sinh, sinh viên muốn sở hữu mùi hương hoa trắng nữ tính, thanh lịch. Hãy đến với Gucci Bloom hồng để kiểm chứng.\n\nSự thật đằng sau chai nước hoa Gucci hương hoa nhài\nDành cho những cô nàng có đam mê cuồng nhiệt với nốt hương hoa trắng. Những cô gái hiện đại luôn theo đuổi sự hoàn hảo. Là người yêu thích tông hương nhẹ nhàng, thuần khiết đầy nữ tính thì không thể nào bỏ qua siêu phẩm của thế kỷ 21 – Gucci Bloom hồng. Hãy kiểm nghiệm xem điều mình nói về em nó có đúng không nhé!','Lại là một chủ đề mới nữa dành cho thương hiệu nước hoa Gucci. Đó là về một sản phẩm nước hoa Gucci hương hoa nhài trắng nữ tính, dịu nhẹ và vô cùng thanh lịch. Chắc các bạn nữ cũng đoán ra em nó là ai rồi phải không nào? Không ai khác, đó là cô nàng tiểu thư xinh đẹp Gucci Bloom EDP. Cái tên chẳng còn xa lạ với bất cứ cô gái nào có sở thích sưu tầm nước hoa. Vậy tại sao em nó lại nổi tiếng như vậy? Điều gì làm nên thành công rực rỡ cho dòng nước hoa Gucci nữ này? Hãy cùng khám phá qua bài viết này nha!','1720714365868-gucci-bloom-hong-3-3.jpg',1,'00b57c29-f25c-4f74-b016-b5419b53b979',1,'2024-07-11 16:12:45.885','2024-07-11 16:12:45.885','NEWS'),('383921c1-ba66-47fd-825e-4285b2dc57cd','Review Nước Hoa Louis Vuitton Étoile Filante Eau De Parfum 7.5ml Ngôi Sao Vụt Sáng','Louis Vuitton Étoile Filante EDP – Ước mơ của thiếu nữ\nĐặc trưng của Louis Vuitton Étoile Filante\nLes Parfums là một trong những dòng nước hoa nổi bật nhất của thương hiệu Louis Vuitton. Mỗi một sản phẩm của dòng nước hoa này đều mang đến những phong cách và trải nghiệm riêng. Nhưng tựu chung lại nó vẫn luôn mang đến sự thanh lịch và đẳng cấp vốn có của thương hiệu này. Năm 2021 Louis Vuitton mang đến một ngôi sao băng tỏa sáng mang tên nước hoa Louis Vuitton Étoile Filante. Sản phẩm ấp ủ trong đó những ước mơ, những kỉ niệm đây tươi đẹp và hạnh phúc. Nó lan tỏa nguồn năng lượng tự tin để nàng thêm tỏa sáng. Louis Vuitton Étoile Filante 7.5ml ngọt ngào lại tinh khôi đến lạ lùng. Nó giống như mật hoa được cô đọng bởi hàng ngàn bông hoa đến từ nhóm hoa cỏ trái cây tươi mát.\nHương thơm ngọt ngào, tinh khôi của Louis Vuitton Étoile Filante EDP\nNước hoa Louis Vuitton Étoile Filante 7.5ml mang hương thơm chứa đầy niềm vui và tươi mới. Đơn giản mà tạo nên kì tích nhà sáng tạo dựa trên những nốt hương cơ bản để tạo nên mùi hương này. Chai nước hoa mở đầu với hương dâu ngọt ngào, tự nhiên chiếm trọn nốt hương đầu lan tỏa sự nữ tính đến từng xúc giác của nàng. Để ngay sau đó nốt hương trái tim lại lan tỏa ánh hào quang của sự vui vẻ với các loài hoa. Ở đó có hoa nhài ngọt ngào, tinh khôi kết hợp cùng hoa mộc lan quyến rũ tỏa hương nồng nàn. Hoa chi mộc tê mang theo chút mộc mạc mà thơm lừng của đào và mơ trộn lẫn. Ba loại hoa trắng mang hương thơm của sự tinh tế, thanh lịch hòa vào xạ hương trắng. Xạ hương trắng mềm mại, uyển chuyển lan tỏa sự cuốn hút của mình lên làn da nàng.\nẤn tượng với độ lưu hương và tỏa hương của Étoile Filante 7.5ml\nĐể gia tăng sự quyến rũ, gây ấn tượng với những người xung quanh thì độ lưu hương cũng là một yếu tố. Mang nồng độ Eau De Parfum (EDP) với lưu lượng tinh dầu ở mức cao nên hương thơm lại có thể lưu trên da bạn từ 3 đến 6 tiếng. Hương thơm lan tỏa, phát tán trong vòng một cánh tay vừa đủ. Với thế giới nước hoa, có đến hàng trăng hàng nghìn hương thơm mang phong cách khác nhau thì sản phẩm vẫn luôn thu hút bạn một cách đặc biệt. Nước hoa Louis Vuitton Étoile Filante 7.5ml sử dụng phù hợp nhất vào ban ngày trong thời tiết xuân hạ thu.\nThiết kế đơn giản, sang trọng của nước hoa Louis Vuitton Étoile Filante Eau De Parfum 7.5ml\nSo với những phiên bản của những dòng sản phẩm khác thì Les Parfums có phần đơn giản và ít cầu kì hơn. Với Étoile Filante 7.5ml, thiết kế được mô phỏng theo những lọ thủy tinh hay được bài trí trong phòng thí nghiệm. Chất liệu thủy tinh cao cấp thon dài lại trong suốt nên để lộ tinh chất lấp lánh bên trong. Tinh chất nước hoa mang một màu vàng dịu dàng, lấp lánh thể hiện cho sự nữ tính của phái yếu. Nắp chai là điểm nhấn với màu đen sang trọng, được kí hiệu logo LV dát vàng nổi bật ở đỉnh chai. Ở Louis Vuitton Étoile Filante 7.5ml tuy không nhấn mạnh tính nghệ thuật ở bên ngoài. Nhưng nó chính là điểm nổi bật để những sự hấp dẫn bên trong được tỏa sáng.','Với sự nổi tiếng của BST Les Parfums, Louis Vuitton tiếp tục cho ra đời những sản phẩm khiến các nàng phải bất ngờ. Là một cô gái theo đuổi sự tinh tế nàng chẳng thế bỏ qua nước hoa Louis Vuitton Étoile Filante 7.5ml. Sản phẩm giống như một ngôi sao băng tỏa sáng giữa biết bao anh chị của mình. Ngôi sao băng năng này có thể thực hiện hoa những giấc mơ của nàng. Hô biến nàng trở thành người con gái thanh lịch lại nữ tính quá đỗi quyến rũ. Qua hương thơm ngọt ngào, tinh khiết được chắt chiu bởi nhóm hương hoa cỏ trái cây.','1720713895153-Nuoc-hoa-Louis-Vuitton-Etoile-Filante-7.5ml-1.png',1,'00b57c29-f25c-4f74-b016-b5419b53b979',1,'2024-07-11 16:04:55.171','2024-07-11 16:04:55.171','REVIEW'),('41c4a780-fbb3-4f4d-b8ae-44e471e1ea5a','Nước Hoa Gucci Bloom Đỏ – Hương Thơm Quyến Rũ, Hiện Đại','Nước hoa Gucci Bloom Ambrosia di Fiori ra mắt năm nào?\nGucci Bloom Ambrosia di Fiori hay còn được gọi với cái tên thân mật là Gucci Bloom đỏ. Là một phiên bản khá mới được bổ sung vào BST Bloom vào năm 2019. Khi nhắc đến các sản phẩm thời trang từ quần áo cho đến phụ kiện của Gucci, người ta sẽ nghĩ ngay đến sự chỉn chu, tỉ mỉ tỏng từng từng thiết kế. Và nước hoa cũng không ngoại lệ.\nKhác với những BST nước hoa trước đây. Gucci Bloom được bao bọc bởi thân chai sứ tráng men thay vì thủy tinh trong suốt như trước. Với hình chữ nhật tối giản hết mức, làm toát lên sáng vẻ cổ điển nhưng vô cùng sang trọng. Ngoài ra, bên cạnh yếu tố thẩm mỹ, thì thiết kế này còn có tính bền vững với thời gian, bởi rất khó để có thể lỗi mốt.\n\nDường như ngoại hình chỉ là yếu tố để che giấu đi sự tinh tế, sâu sắc của mùi hương được bao bọc bên trong. Càng khiến cho khách hàng tăng thêm sự tò mò. Như tên gọi thì nước hoa Gucci Bloom nói chung và Gucci Bloom đỏ nói riêng đều được mô tả có hương thơm ngập tràn sắc hoa trắng. Và đó chính là điểm nhấn của dòng nước hoa này.\nGucci Bloom đỏ được tạo nên từ hương thơm của những nụ hoa nhài trong nắng mềm mại, dịu êm hòa quyện với những cánh hồng quyến rũ ngạt ngào hương thơm. Đâu đó phảng phất chút sâu lắng, khó quên rễ cây diên vỹ. Tổng thể tạo nên hương thơm vừa dịu dàng, nữ tính nhưng lại nổi bật, khó quên.','Nổi tiếng với hàng trăm chai nước hoa làm mưa làm gió trên thị trường. Bậc thầy điều chế nước hoa Alberto Morrilas được biết đến là “cha đẻ” nhiều siêu phẩm nước hoa nhất thế giới hiện nay. Trong số đó, dòng nước hoa mình thích nhất vẫn là “nàng thơ” Gucci Bloom. Nổi tiếng khắp mọi diễn đàn với hương thơm trẻ trung, hiện đại ẩn chứa đằng sau sự mềm mại đầy bí ẩn. Mới đây, “cô em út” Gucci Bloom đỏ vừa được ra mắt cũng tạo nên cơn sốt không kém cạnh so với những người chị đi trước. Hãy cùng khám phá xem cô nàng Bloom đỏ này có gì mà hot đến thế nhé.','1720715855229-gucci-bloom-do-5.jpg',1,'00b57c29-f25c-4f74-b016-b5419b53b979',0,'2024-07-11 16:37:35.254','2024-07-11 16:37:35.254','NEWS'),('568ca2fd-b5c8-44bc-b901-bc4a0079c62c','Nước hoa YSL Black Opium mùi nào thơm, gây nghiện phái đẹp','Nước hoa YSL Black Opium có bao nhiêu loại?\nĐiểm chung nổi bật của nước hoa Black Opium chính là có độ lưu hương trung bình, từ 4-6 tiếng, cùng với đó là khả năng tỏa ở mức thoang thoảng xung quanh. Duy chỉ có bản cải tiến Floral Shock là bền mùi “khủng”, tới 12 giờ. Đã thế mùi hương sinh động này còn tỏa mạnh mẽ, bán kính lên đến 2 mét.\nYSL Black Opium mùi nào thơm?\nDù cùng thuộc dòng Black Opium tuy nhiên môi phiên bản nước hoa Yves Saint Laurent lại sở hữu những nốt hương khác biệt. Đa số đều thuộc nhóm hương vani phương Đông nhưng mà có nhiều phiên bản lại biến tấu ở các nhóm hương khác hoàn toàn. Đã thế, những nhà sáng chế nước hoa còn biến tấu cho mỗi chai mang một nét chấm phá riêng, tạo nên những cảm nhận hoàn toàn riêng biệt.\n\nDùng YSL Black Opium giúp bạn gây chú ý một cách đầy lôi cuốn và quyến rũ. Một chai nước hoa không thể thiếu trong hành trình trang bị sự tự tin và vẻ đẹp trưởng thành cho mỗi cô gái.  \n\nCùng khám phá nước hoa YSL Black Opium mùi nào thơm dưới đây nhé. Điểm danh những dòng hot nhất nữa.\n\nNước hoa Black Opium mùi nào thơm?\nNước hoa YSL Black Opium Eau De Parfum 2014\nHương thơm đầu tiên của Black Opium chính là phiên bản EDP ra mắt năm 2014 này. Hương cay nồng phương Đông, tạo nên bởi Honorine Blanc, Nathalie Lorson, Marie Salamagne, Olivier Cresp. Chính buổi ra mắt chai nước hoa huyền thoại này cũng được sắp xếp ở một không gian đậm tinh thần rock n roll cổ điển giúp phô diễn hoàn hảo khía cạnh huyền ảo, bí ẩn của chai nước hoa này. Mùi này chỉ thoảng nhẹ, lưu hương thì thời gian trung bình.\nTầng hương\nTrải nghiệm hương nước hoa YSL Black Opium ban đầu là hương café thư thái. Café giữ vai trò quan trọng, tạo nên điểm nhấn cho chai nước hoa này. Nhưng không thể bỏ qua sự tinh khiết của những nốt hoa trắng. Rồi hồng tiêu quyết đoán ở hương giữa. Cân bằng tất cả là hương cuối với vani, hoắc hương rồi gỗ tuyết tùng. Tất cả hòa quyện tạo nên Yves Saint Laurent Black Opium gợi cảm, năng động trên da.\nYSL Black Opium Eau De Parfum 2014\nBàn về thiết kế thì nước hoa Yves Saint Laurent Black Opium này có vỏ ngoài đen với hạt trang trí lấp lánh, tổng thể vừa bí ẩn, manh mẽ, vừa sang trọng, huyền ảo.\n\nGiá nước hoa Black Opium này bao nhiêu?\n\nNước hoa YSL Black Opium 10ml giá rơi vào khoảng là 750k\nNước hoa YSL Black Opium 20ml giá rơi vào khoảng là 1050k\nNước hoa YSL Black Opium 30ml giá rơi vào khoảng là 1830k\nNước hoa YSL Black Opium 50ml giá rơi vào khoảng là 2450k\nNước hoa YSL Black Opium 90ml giá rơi vào khoảng là 3280k\nNước hoa YSL Black Opium Floral Shock EDP 2017\nMột cực phẩm mùi hương dường như gói trọn được tinh thần với cái tên Floral Shock. Phiên bản nước hoa YSL Black Opium này là hương hoa cỏ, trái cây, thực phẩm. Được tạo nên bởi 4 nhà sáng chế liền, nước hoa YSL nữ đúng chuẩn dành cho phái đẹp mang trong mình những cá tính đối lập. Ra mắt vào tháng 2/2017, bản Black Opium thực sự mang đến một cảm hứng vô cùng tươi mới.  Chai nước hoa lưu hương cực kỳ lâu, lên đến hơn 12 giờ liền. Đã thế còn tỏa hương xa.  Một nét thơ ngọt ngào, nữ tính, gợi cảm dành cho mùa thu, đông, xuân.\nTầng hương\nNước hoa Black Opium Floral Shock mở đầu bừng tỉnh với hương cam canh, quả lê và hoa lan Nam Phi. Đến giữa, thấy hoa trắng, hoa cam rồi hoa sơn ùa vào. Đến cuối cùng thì thứ còn lưu đọng lại trên da của nàng chính là cafe và xạ hương trắng tinh tế, cuốn hút. Tổng thể mùi hương nước hoa nữ YSL Black Opium Floral Shock thực sự gây bất ngờ ở ban đầu, bừng tỉnh mọi giác quan khi lần đầu chạm đến, sau lan tỏa dịu nhẹ, quyến rũ từ từ.','Với nhiều tín đồ mộ điệu thì nước hoa chẳng khác nào tác phẩm nghệ thuật được người pha chế sáng tạo, nghiên cứu một cách sâu xa bằng kiến thức và cả cảm xúc. Bạn có biết điểm quyến rũ bậc nhất ở một quý cô chính là hương thơm được tỏa ra từ người của nàng. Yves Saint Laurent (YSL) chẳng đứng ngoài cuộc đua tạo nên một “lớp áo” mùi hương cho phái đẹp. Trong đó, nước hoa YSL Black Opium xứng dang nước hoa đắt giá chiều lòng mọi cô gái. Dòng này có cực kỳ nhiều phiên bản, với độ hot không ngừng gia tăng. Nước hoa của sự quyến rũ, với ngoại hình nhìn vào chẳng khác nào một bản nhạc cổ điểm Glam Rock của Anh. Dù trải qua bao nhiêu lần “lột xác” thì dáng hình của Black Opium vẫn được giữ nguyên. Quả là một “sân khấu” hoàn hảo giúp phô diễn sự cuốn hút của từng mùi hương bên trong.\n\n','1720714252851-nuoc-hoa-ysl-black-opium.png',1,'00b57c29-f25c-4f74-b016-b5419b53b979',0,'2024-07-11 16:10:52.877','2024-07-11 16:10:52.877','NEWS'),('91fe2e15-4b4a-4b15-983d-4d2ae2084e45','Nước Hoa Narciso Trắng – Hai Phiên Bản Thuần Khiết, Thanh Lịch Của Xạ Hương','Nước hoa Narciso trắng có mấy loại?\nThực tế có tới 2 phiên bản Narciso trắng, cũng một lùn, một cao. Nhưng có lẽ bởi độ phủ sóng rộng khắp mà hễ nhắc đến nước hoa Nar trắng, ai nấy đều chỉ nghĩ về Narciso Rodriguez Pure Musc For Her EDP.\nCần phải chỉ ra rõ, có thêm cả bản Narciso EDP dáng vuông, màu trắng đục nữa. Bản này ra mắt 2014, trước cả bản trắng cao. Dù không “nổi” bằng nhưng vẫn có một lượng fan cuồng trung thành. Mỗi chai nước hoa lại chứa đựng những “bí thuật” riêng để thôi miên hội ghiền mùi hương đấy. Cùng khám phá xem đó là gì dưới đây nào.\n\nĐiểm chung của hai phiên bản nước hoa Narciso Rodriguez màu trắng\nGiống với hầu hết những chai nước hoa Narciso Rodriguez nữ khác thì hai chai Nar trắng này đều thuộc nhóm hương là hoa cỏ, gỗ, xạ hương – Floral Woody Musk cả.\nĐều có nồng độ Eau De Parfum với hàm lượng tinh dầu cao, khả năng lưu hay tỏa đều dừng ở mức tạm ổn. Nên đồng hành để mỗi ngày đều thơm tho một cách đầy mê hoặc.\nĐiểm giống nhau tiếp theo là nước hoa đều tỏa hương gần, phạm vi chỉ trong khoảng 1 cánh tay thôi. Thoang thoảng nhưng vẫn đủ khiến ai nấy động lòng.\nHai chai nước hoa có mùi hương nữ tính, tinh tế này được cho là phù hợp cả 4 mùa và cho cả ngày đêm đều dùng được.\n\nHai chai Narciso trắng – đều là sự quyến rũ khiến mọi phái mạnh đều phải quay đầu lại\nNước hoa Nar trắng cao – Narciso Rodriguez Pure Musc For Her EDP (2019)\nNói về một trong những mùi hương nước hoa Narciso Rodriguez thơm nhất chính là bản Narciso màu trắng này. Pure Musc là tên gọi chính xác nhất về “nội dung” của nốt hương bên trong. Mọi thứ đơn giản, thuần khiết nhưng lại dẫn dắt cực nghệ.\n\nMở đầu đã thấy xạ hương xuất hiện rồi. Tầng giữa thì là nơi các loài hoa tô điểm. Chẳng gọi chính xác là hoa gì, khiến ai nấy càng tò mò muốn khám phá. Đến cuối, khép lại gỗ Cashmeran ấm áp, thứ xúc tác cuối cùng cho cảm xúc bùng nổ.\n\nMùi hương của nước hoa Nar trắng lùn – Narciso Eau De Parfum (2015)\nĐặc trưng của mùi hương này là sang trọng, cổ điển và pha chút bí ẩn. Mở đầu là làn hương từ hoa hồng và dành dành, có gì đó bay bổng cực kỳ. Hương thơm này lắng xuống thì là nhường chỗ cho xạ hương bùng nổ. Đúng là “đặc trưng” của Narciso. Nước hoa Narciso trắng lùn tiếp diễn với gỗ tuyết tùng trắng và gỗ tuyết tùng đen gợi cảm, với cỏ hương bài thu hút.\n\nNếu không ưa mùi hương quá ngọt, nếu thích một mùi hương thật sang hãy nghĩ về sự mượt mà chẳng chút gắt gỏng từ Narciso EDP này.\nHương thơm gần giống Poudree nhưng bản hồng nhạt thì ngọt về cuối còn riêng nước hoa Nar màu trắng lùn này thì thuần mùi gỗ và phấn hơn!\n','2019, Narciso gặt hái một cột mốc mới khi trình làng Narciso Rodriguez For Her trắng. Phiên bản này có tên là Pure Musc, một lời mời gọi mới từ xạ hương. Chai nước hoa như một lát cắt đầy thanh lịch, đầy bừng sáng từ nốt hương gợi cảm này! Nếu tìm kiếm từ khóa nước hoa Narciso trắng hay mùi hương Narciso thơm nhất, hình ảnh về phiên bản này sẽ hiện ra đầu tiên ngay lập tức. Mùi hương của sự tinh tươm, như một giọt sương cựa quậy sớm mai, như hương hoa bừng nở dập dìu vừa an yên, vừa quyến rũ.','1720715546340-nuoc-hoa-narciso-trang.jpg',1,'00b57c29-f25c-4f74-b016-b5419b53b979',0,'2024-07-11 16:32:26.360','2024-07-11 16:32:26.360','NEWS'),('a936d091-a015-4f8a-b5d6-4b0b4d580bcb','Những Chai Nước Hoa Nam Hương Bạc Hà Mát Lạnh Sảng Khoái','Những chai nước hoa nam hương bạc hà được ưa chuộng nhất trong mùa hè\n1. Nước hoa Chanel Bleu de Chanel Eau de Parfum\nNước hoa Chanel Bleu de Chanel Eau de Parfum là dòng nước hoa có mùi thơm nồng nàn. Mang lại cho cánh mày râu một vẻ đẹp sang trọng, lịch lãm và đầy lôi cuốn. Mùi hương được hầu hết tất cả những người đã sử dụng đánh giá là tuyệt hảo từ độ lưu hương và tỏa hương. \nKhi sử dụng, bạn sẽ cảm nhận ở nước hoa Chanel Bleu de Chanel Eau de Parfum lớp hương đầu và lớp hương giữa hòa quyện lại với nhau, đan xen nhau tạo nên một bức tranh đầy màu sắc và sự hứng khởi. Vị bạc hà dẫn lối cho hương bưởi sau đó là hòa trộn với tinh dầu bạc hà để làm nên một khởi đầu đầy đam mê khi có sự hòa hợp của hương cam và hương bưởi. Có thể nói Polge là thầy phù thủy trong việc pha chế các hương liệu lại với nhau. Ông đã sáng tạo ra một mùi hương nước hoa nam hương bạc hà. Mùi hương của sự mát lạnh, sảng khoái nhưng lại cho người dùng cảm giác ấm áp, dễ chịu, sảng khoái.\nPhong cách: Mạnh mẽ, lôi cuốn.\nHương đầu: Hương Labdanum, Nhục đậu khấu, Gừng.\nHương giữa: Gỗ đàn hương, hoắc hương, Hương gỗ, bạc hà.\nHương cuối: Hoa nhài, Quả chanh vàng, bưởi, tuyết tùng, Hồng tiêu, Hổ phách.\n\n2. Nước hoa Versace Eros Eau De Toilette\nNước hoa Versace Eros được lấy cảm hứng từ những câu chuyện thần thoại Hy Lạp cổ đại. Eros là tên của vị thần tình ái, qua đây chai nước hoa muốn gửi gắm và thể hiện những khát khao và đam mê mãnh liệt được sống trọn vẹn trong tình yêu. Nước hoa nam Versace Eros cho người dùng những trải nghiệm tuyệt vời nhất từ những xúc cảm đầy nam tính, quyến rũ của nhóm hương thơm thảo mộc.\n\nNước hoa Versace Eros Eau De Toilette tập trung khơi gợi và thể hiện những khát khao và đam mê mãnh liệt tiềm ẩn. Để mở đầu sự mạnh mẽ đã được thể hiện một cách tinh tế qua tinh dầu chanh, táo xanh và bạc hà. Nốt hương giữa sử dụng hương Ambroxan nhẹ dịu hòa với cái ngọt của đậu Tonka và hoa phong lữ. Nó được coi như một lớp hương nền nâng đỡ cả chuỗi hương trong sự dịu êm, nhẹ nhàng. Càng về cuối sự mềm mại của hương Vanilla hòa quyện với gỗ tuyết tùng làm gia tăng sự ấm áp. Trong khi đó cỏ Vetiver và địa y lại giúp cho hương thơm trở nên gợi cảm, cuốn hút bất ngờ.\nPhong cách:Nam tính, gợi cảm, quyến rũ\nHương đầu: Trái chanh, Trái táo xanh, Bạc hà\nHương giữa: Hương Ambroxan, Hoa phong lữ, Đậu Tonka\nHương cuối: Cỏ Vetiver, Madagascar Vanilla, Địa y, Gỗ tuyết tùng\n3. Nước hoa Mr. Burberry Indigo Eau De Toilette\nĐến với Mr. Burberry Indigo, cánh mày râu sẽ có vô số lựa chọn để làm nổi bật cá tính thời trang của riêng mình. Ở mùi nước hoa nam hương bạc hà này có sự hòa quyện thú vị giữa rất nhiều nét tính cách khác nhau. Lúc thì cổ điển, thanh lịch, khi lại hiện đại và cực kỳ quyến rũ. Nước hoa Mr. Burberry Indigo EDT mang theo cảm giác sảng khoái, tê lạnh đặc trưng của biển cả. Sử dụng mùi hương này trong những dịp đặc biệt như tiệc tùng hay sự kiện sẽ khiến ấn tượng của bạn trở nên sâu đậm và quyến rũ gấp bội phần.','Nói về bạc hà, quả thực, thú vị đến mức hiển nhiên. Một mùi hương thảo dược đã rất quen thuộc và gắn bó với người Việt Nam từ xa xưa. Một mùi hương chỉ có thể dùng từ kỳ diệu để diễn tả. Mỗi khi tìm đến bạc hà, người ta đều mong có được cảm giác sảng khoái thanh thoát. Nước hoa nam hương bạc hà luôn nằm trong top mùi hương màu hè được phái mạnh yêu thích nhất.','1720715239411-nuoc-hoa-nam-huong-bac-ha.jpg',1,'00b57c29-f25c-4f74-b016-b5419b53b979',0,'2024-07-11 16:27:19.434','2024-07-11 16:27:19.434','NEWS'),('cb5d5bc1-0e2a-4ba0-9902-0584d0b798f3','Nước Hoa Lancome Giá Bao Nhiêu? Mùi Nào Thơm Nhất?','Sự ra đời của thương hiệu nước hoa Lancome\nLancôme Paris nổi tiếng là thương hiệu mỹ phẩm cao cấp đến từ Pháp. Được sáng lập bởi nhà điều chế nước hoa nổi tiếng Armand Petitjean vào năm 1935. Tên thương hiệu này được lấy cảm hứng tòa lâu đài cổ tại vùng ngoại ô Indre có tên Le Chateau de Lancosme. Và bông hoa hồng ở logo chính là biểu tưởng cho sự thơ mộng, lãng mạn của nước Pháp hoa lệ.\nNước hoa Lancôme ra đời chứng minh cho tình yêu dành cho phái đẹp. Nổi tiếng với những câu chuyện tình lãng mạn và ngọt ngào. Pháp chính là cái nôi của làng thời trang thế giới với những cái tên đình đám như Dior, Chanel, LV… Những sản phẩm đến từ thương hiệu Lancôme luôn mang đến dáng vẻ yêu kiều, quý phái giống như người phụ nữ nước Pháp.\n\nXuất thân là thương hiệu kinh doanh về lĩnh vực nước hoa. Lancôme ngày càng được biết đến với những những dòng nước hoa được ưa chuộng bởi sự cổ điển, snag trọng trong mùi hương. Và thiết kế có tính thẩm mỹ cao. Tính đến nay có khoảng 100 sản phẩm nước hoa được ra mắt dưới thương hiệu Lancome. Một vài cái tên quen thuốc như La Vie Est Belle, Tresor hay Miracle.\nTrải qua gần 100 năm hình thành và phát triển. Gắn liền với hình ảnh lãng mạn của nước Pháp với bông hoa hồng tinh khiết được đặt ngay ở logo. Nước hoa Lancome trở thành một trong những tượng đài bất hủ trong lĩnh vực làm đẹp. Là khát khao được sở hữu của hàng triệu cô gái khắp hành tinh. Liệu bạn có nằm trong số đó không?\n\nTùy theo từng dòng và từng mẫu size mà nước hoa Lancome sẽ có mức giá khác nhau. Thông thường một chai nước hoa có dung tích là 30 – 100ml sẽ có giá dao động trong khoảng từ 1.000.000 – 4.000.000 đồng. Tuy chất lượng ở phân khúc cao cấp nhưng giá thành lại chỉ ở mức độ tầm trung. Vậy nên, nếu đã lỡ say đắm mùi hương nào đó hãy dành ra một khoản để yêu chiều bản thân nha.\n\nTop những mùi hương được yêu thích nhất của nhà Lancome\nNước hoa Lancome La Vie Est Belle – Cô nàng “kẹo ngọt”\nMùi hương đầu tiên mà mình muốn giới thiệu ngay đến các bạn. Cũng là best seller bao năm nay của hãng, cô nàng La Vie Est Belle ngọt ngào và quyến rũ. Mình đoán chắc rằng các chị em đang đọc bài viết này hầu hết đã từng ít nhất một lần trải nghiệm mùi hương này rồi phải không? Thậm chí sẽ có những bạn trung thành với mùi hương này suốt mấy năm trời rồi đấy.\nBao trùm lên hương thơm của Lancome La Vie Est Belle là hương hoa diên vỹ nồng nàn, lôi cuốn. Nổi bật trên nền hoa nhài và hoa cam nữ tính, mềm mại và có chút gì đó rất quyến luyến. Ban đầu mở ra với sự mát mẻ, mọng nước của trái lê và nho đen. Nhanh chóng chuyển mình sang hương phấn hoa mịn màng, thơm ngọt vô cùng nữ tính của hoa nhài và iris. Và cuối cùng dừng chân dưới sự ngọt ngào đầy mơn trớn của vani, đậu tonka và kẹo ngọt.\n','Có người đã từng nói rằng, khi sống ta hoang phí bao nhiêu thời gian để tung hoành ngang dọc. Để rồi cuối cùng lại say đắm một mùi hương khiến ta nhớ mãi một bóng hình. Điều này thể hiện tầm quan trọng nước hoa đối với cảm xúc của con người. Khoa học đã chứng mình mùi hương có thể lưu lại được dấu ấn của một ai đó thay vì một vẻ ngoài ấn tượng. Ngày nay, nước hoa Lancome đã thành công khi cho ra đời những mùi hương khiến người ta nhớ mãi không quên. Trở thành tượng đài trong làng nước hoa thế giới.','1720714159388-nuoc-hoa-lancome-2.jpg',1,'00b57c29-f25c-4f74-b016-b5419b53b979',0,'2024-07-11 16:09:19.414','2024-07-11 16:09:19.414','NEWS'),('d08bbfce-525a-4af3-a2e9-2043df98aab1','Nước Hoa Lancome La Vie Est Belle Có Mấy Loại, Hương Nào Thơm Nhất?','Hỏi rằng dòng nước hoa Lancome nữ nào nổi nhất thì chính là La Vie Est Belle này. Hầu hết những chai nước hoa dòng này đều thuộc nhóm hương hoa cỏ trái cây thực phẩm. Một vài chai là hương hoa cỏ phương Đông hoặc hoa cỏ trái cây. Những chai nước hoa chủ yếu dùng ban ngày nhưng không thiếu những siêu phẩm phù hợp cho ban đêm. Toàn những cực phẩm dùng hợp cho cả xuân thu cho đến thu-đông hay hè.\nĐây là phiên bản nước hoa La Vie Est Belle cực kỳ nữ tính, trẻ trung và cuốn hút. Một định nghĩa mới mẻ mà bất cứ cô nàng nào cũng nên “lĩnh hội” trong đời.\n\nPhải mất tới 3 năm để những nhà sáng chế tạo nên công thức nước hoa hoàn mĩ này. Mở đầu cho câu chuyện mùi hương của nước hoa Lancome La Vie Est Belle EDP là lê thanh nhã và lý chua đen thú vị. Note đầu cho cảm giác như một ly trái cây tươi mát, vấn vương. Tầng giữa là bùng nổ của hoa cỏ, diên vĩ, của hoa cam, hoa nhài. Chủ đạo của không chỉ hương giữa mà còn cho cả chai nước hoa chính là diên vĩ. Khép lại La Vie Est Belle EDP chính là đặc trưng cho nhóm thực phẩm. Đó là hoắc hương, của đậu tonka, của vani, kẹo nhân hạt, hoàn thiện sự ấn tượng, hấp dẫn cho mùi hương này.\n\nNồng độ chai này là EDP, bền mùi. Thời gian lưu hương dài lâu, lên đến 8 tiếng liền. Toả hương xa tới bán kính 1-2 mét.\n\nGiá nước hoa Lancome La Vie Est Belle EDP\nCâu hỏi nhiều người tò mò là bản La Vie Est Belle EDP ra mắt năm 2012 này cụ thể có giá như thế nào.\n\nLancome La Vie Est Belle 10ml giá là 950k\nLancome La Vie Est Belle 30ml giá hơn 1800k\nLancome La Vie Est Belle 50ml giá rơi vào khoảng 2300k\nLancome La Vie Est Belle 75ml có giá khoảng hơn 2500k\nLancome La Vie Est Belle 100ml giá thì khoảng 3400k\nNước hoa Lancome La Vie Est Belle Intense 2015\nHương thơm biểu tượng cho những cô nàng trưởng thành và cá tính, chính là nước hoa Lancome La Vie Est Belle Intense này.\nNước hoa lấy cảm hứng từ một đồ ăn tráng miệng của Pháp, là sự kết hợp của kem và hạt phỉ. Nước hoa nhẹ nhàng mà lôi cuốn, còn được coi là phản chiếu sự sang trọng. Một bí kíp khiến cho bất cứ ai trở nên hấp dẫn, quyến rũ hơn. Đây được coi như bản nâng cấp của mẫu EDP 2012. Nước hoa này nằm trong top best-seller của hãng. Một sự đồng điệu của hoa cỏ quyến rũ.','La Vie Est Belle theo tiếng Pháp định nghĩa là một cuộc sống tươi đẹp. Lancome tạo ra phiên bản nước hoa này chẳng khác nào đánh dấu cho một kỷ nguyên mới hoàn toàn. Biết bao mùi hương nữ tính, ngọt ngào, là đại diện hoàn hảo cho phái đẹp hiện đại. Dòng nước hoa này có điểm chung là đều thuộc nhóm hương hoa cỏ, trái cây, thực phẩm, vừa trẻ trung, tươi mới lại say mê, đậm đà và quyến rũ.','1720715112075-nuoc-hoa-lancome-la-vie-est-belle.png',1,'00b57c29-f25c-4f74-b016-b5419b53b979',0,'2024-07-11 16:25:12.094','2024-07-11 16:25:12.094','NEWS'),('e92d1857-c1c7-4fee-8303-1786a3598f03','Review Nước hoa Joy by Dior Intense Eau De Parfum 5ml Ngát Hương Thơm','Joy by Dior Intense Eau De Parfum – Bung tỏa sự lấp lánh\nĐặc trưng của Joy by Dior Intense 5ml\nNhắc đến thương hiệu nước hoa Dior, các nàng không thể bỏ qua dòng nước hoa mang hương hoa cỏ nổi tiếng Joy by Dior. Dòng nước hoa này thật sự rất thú vị khi mà nó luôn lấy điểm nhấn là hoa cỏ để tạo nên phong cách riêng của mình. Kết hợp với làn da cùng cơ thể mĩ miều của nàng hương thơm càng khiến nàng trở nên nữ tính, tinh tế và tươi mới hơn cả.\nĐể tiếp tục series nước hoa của mình dòng nước hoa Joy by Dior quay trở lại sàn đấu nước hoa với nước hoa Joy by Dior Intense 5ml. Nếu nàng yêu thích dòng nước hoa này lại hơi ái ngại vì hương thơm không thể sử dụng cho mùa đông vì bay bùi quá nhanh? Vậy hãy đến với phiên bản Intense, vẫn lấy hoa cỏ làm chủ đề nhưng nay hương thơm trở nên đậm đà cuốn hút hơn hẳn. Joy by Dior Intense 5ml với mỗi cú xịt tỏa ra sự lấp lánh, rạng ngời. Đem lại năng lượng tích cực và sự tự tin cho các nàng sử dụng.\nHương thơm sảng khoái, ngọt ngào của Joy by Dior Intense 5ml\nJoy by Dior Intense 5ml rạng rỡ với những nốt hương ngọt ngào tinh tế của nhóm hoa cỏ phương đông. Chai nước hoa bắt đầu với sự tươi tắn, sống động cua hoa cam Neroli lan tỏa cùng tinh dầu cam Bergamot. Tinh dầu tươi mát lại sảng khoái kết hợp cùng hoa cam phát tán xa trong không khí. Nốt hương trái tim ngập tràn sự nữ tính duyên dáng với hoa hồng Grasses và hoa nhài tinh khôi. Hương thơm thơm ngát lại ngọt ngào kết hợp tạo nên một mùi hương giống như quả mọng đỏ khiến ta muốn ngửi mãi không ngừng. Hương gỗ đàn hương nhẹ nhàng, thơm mùi sữa uyển chuyển cùng đậu tonka ngọt ngào hòa quyện tạo nên sự ấm áp. Hương Vanilla mềm mịn cùng xạ hương cuốn hút gây ấn tượng vương vấn mãi trên da nàng.\nẤn tượng với độ lưu hương và tỏa hương của Joy by Dior Intense Eau De Parfum\nĐể gia tăng sự quyến rũ, gây ấn tượng với những người xung quanh thì độ lưu hương cũng là một yếu tố. Mang nồng độ Eau De Parfum (EDP) với lưu lượng tinh dầu ở m;ức cao nên hương thơm lại có thể lưu trên da bạn từ 7 đến 12 tiếng. Hương thơm lan tỏa, phát tán trong vòng một cánh tay vừa đủ. Với thế giới nước hoa, có đến hàng trăng hàng nghìn hương thơm mang phong cách khác nhau thì sản phẩm vẫn luôn thu hút bạn một cách đặc biệt. Joy by Dior Intense 5ml sử dụng phù hợp nhất vào ban ngày trong thời tiết xuân thu đông.','Nhắc đến nước hoa Dior ta không thể không nhắc đến một trong những dòng bán chạy nhất là Joy by Dior. Để làm mới mình hơn dòng nước hoa Joy by Dior cho ra đời phiên bản nước hoa Joy by Dior Intense 5ml. Một chai nước hoa đủ sức để hấp dẫn và thu hút nàng. Hương thơm của nhóm hoa cỏ phương đông lấp lánh lại đầy rạng ngời lưu giữ trên cơ thể nàng suốt ngày dài. Hơn thế nó còn mang lại sự sảng khoái và niềm vui cho các nàng sử dụng. Khiến cho nàng luôn cảm thấy tràn đầy năng lượng để tiếp tục cả ngày dài.','1720713799047-Nuoc-hoa-Joy-by-Dior-Intense-5ml.png',1,'00b57c29-f25c-4f74-b016-b5419b53b979',1,'2024-07-11 16:03:19.064','2024-07-11 16:03:19.064','REVIEW'),('fa08fceb-b833-4b91-8e26-8f748345c8bf','Những Chai Nước Hoa Nam Hương Biển Bán Chạy Nhất Cho Mùa Hè','7 chai nước hoa nam hương biển lừng danh kích thích xúc cảm mạnh mẽ\n1. Nước Hoa Bvlgari Aqva Pour Homme Eau De Toilette\nNhóm nước hoa: Hương thơm biển\nHương đầu: Quả quýt hồng, Tinh dầu lá cam, Quả cam\nHương giữa: Rong biển, Hoa Oải Hương, Hoa bông vải\nHương cuối: Hương của gỗ, Hổ phách, Hoắc hương, Gỗ tuyết tùng Virginia, Cây đơn sâm\n\nNước hoa Bvlgari Aqva Pour Homme là sự kết hợp một cách hoàn hảo, đầy nghệ thuật giữa hương tinh dầu lá cam. Hòa quyện cùng hương thơm cay nồng ấm áp của quả cam và quýt hồng. Kết hợp cùng với đó một chút vị mặn của rong biển đưa ta đến cảm giác rộng lớn, bí ẩn của biển cả. Tạo nên nốt hương đầu hoàn mỹ đến khó tin, đưa ta đến thế giới của đại dương rộng lớn với bao điều kỳ bí đang chờ đợi. Chính mùi hương này đã mang đến cho phái mạnh sự mạnh mẽ, lôi cuốn nhưng cũng đầy vẻ thư giãn.\nKết hợp với vị biển là mùi hương thơm ngát của cánh hoa Oải hương và hoa bông vải nhẹ nhàng. Mang đến một mùi hương thanh mát, ẩm ướt của hương hoa cây cỏ. Cuối cùng lớp hương của hàng loạt các loại gỗ thảo dược như: cây hoắc hương, Gỗ tuyết tùng Virginia, Hương của gỗ, Hổ phách, Cây đơn sâm cùng hòa tan khắp cơ thể. Mang đến cảm giác phóng khoáng, mạnh mẽ, tươi mát đến vô cùng tận. Đậm nét nước hoa nam hương biển mà phái mạnh đang kiếm tìm.\n\n2. Nước Hoa Giorgio Armani Acqua Di Gio Profumo Eau De Parfum\nNhóm nước hoa: Hương thơm biển\nHương đầu: Cam Bergamot, Hương nước biển\nHương giữa: Hoa phong lữ, Cây hương thảo, Cây xô thơm\nHương cuối: Cây hoắc hương, Nhang (Hương)\n\nNước hoa Giorgio Armani Acqua Di Gio Profumo có mùi hương mạnh mẽ ngay từ ban đầu. Như một luồng điện nhẹ tê tê khóe mũi, kích thích khứu giác ngay từ những nốt hương đầu tiên. Lớp hương giữa và hương cuối lại cho cảm giác dịu nhẹ đầy bí ẩn, không đoán trước được. Hương thơm đa năng, thích hợp sử dụng ở nhiều thời điểm dù mát mẻ hay nóng nực. Đây là món trang sức được các chàng cất giữ “như vũ khí bí mật” . Là câu trả lời cho vẻ đẹp nam tính, lôi cuốn phái đẹp không cưỡng lại được của những chai nước hoa nam hương biển.\n\nKhi sử dụng Acqua Di Gio Profumo, ở lớp hương đầu tiên của sự xuất hiện của Cam Bergamot tươi mát và hương nước biển cay mặn. Tiếp đến, lớp hương giữa là sự kết hợp của hoa phong lữ, cây hương thảo, cây xô thơm. Sự kết hợp kinh điển tạo nên nốt hương trầm ấm, trưởng thành. Cuối cùng mùi hương  của lớp hương cuối đọng lại trên cơ thể là hương vị của hoắc hương và nhang thơm. Giorgio Armani Acqua Di Gio Profumo vẻ đẹp quyến rũ gợi cảm sẽ chạm được tới ngay khi vừa lướt qua. Nhưng đồng thời nét nam tính, phẩm giá lịch thiệp và tinh tế vốn có vẫn đọng lại quanh cơ thể các quý ông.\n\n3. Nước Hoa Giorgio Armani Acqua di Gio Eau De Toilette\nHương đầu: Quả cam, Quả chanh vàng, Hoa cam Neroli, Quả chanh xanh, Quả quýt hồng, Hoa nhài, Cam Bergamot\nHương giữa: Hoa anh thảo, Nhục đậu khấu, Hoa lan dạ hương, Hoa hồng, Cây hương thảo, Cây mộng tê, Ngò thơm, Hoa tím, Hoa lan Nam Phi, Hương nước biển, Quả đào, Hương Calone\nHương cuối: Hổ phách, Gỗ tuyết tùng, Xạ hương trắng, Cây hoắc hương, Rêu sồi\n\nKhi sử dụng nước hoa Giorgio Armani Acqua di Gio, ta sẽ thấy đây là một sự kết hợp hài hòa của các loại hương hoa. Mở đầu là hương chanh tươi mát hòa quyện cùng tinh chất quả quýt hồng. Cộng hưởng cùng chút nhẹ nhàng thanh mát của hoa nhài, hoa cam Neroli mang lại sự tươi mát và sảng khoái các lớp hương. Nối tiếp ngay sau đó là lớp hương giữa với hàng loạt các loại hoa nổi bật là hương thơm của lan dạ hương, hoa hồng, hoa lan Nam Phi,… Cuối cùng lớp hương gỗ phương Đông ấm nồng sâu sắc. Tất cả các thành phần được hòa quyện một cách tinh tế đầy nghệ thuật để rồi vương lại trên làn da bạn là một tổ hợp hương thơm gợi cảm sống động và hoàn toàn khô thoáng.\n','Bên cạnh những chai nước hoa nam hương gỗ nồng ấm dành cho những chàng trai mùa đông. Thì thế giới nước hoa nam còn được thống trị bởi những chai nước hoa hương biển sảng khoái bất tận. Nước hoa nam hương biển là một trong những nhóm mùi hương được yêu thích nhất từ trước đến nay. Hương thơm tươi mát, phóng đãng như những cơn gió biển. Rất phù hợp cho nam giới yêu thích thể thao và những hoạt động ngoài trời. Dưới đây là 7 cái tên cực kỳ  “ăn khách” cho những chai nước hoa nam hương biển đáng mua nhất 2021.','1720715390626-nuoc-hoa-gio-nam-1.jpg',1,'00b57c29-f25c-4f74-b016-b5419b53b979',0,'2024-07-11 16:29:50.647','2024-07-11 16:29:50.647','NEWS');
/*!40000 ALTER TABLE `Post` ENABLE KEYS */;
UNLOCK TABLES;

--
-- Table structure for table `Product`
--

DROP TABLE IF EXISTS `Product`;
/*!40101 SET @saved_cs_client     = @@character_set_client */;
/*!50503 SET character_set_client = utf8mb4 */;
CREATE TABLE `Product` (
  `id` varchar(191) COLLATE utf8mb4_unicode_ci NOT NULL,
  `name` varchar(191) COLLATE utf8mb4_unicode_ci NOT NULL,
  `brandId` varchar(191) COLLATE utf8mb4_unicode_ci NOT NULL,
  `original_price` int NOT NULL,
  `discount_price` int DEFAULT NULL,
  `quantity` int NOT NULL DEFAULT '0',
  `sold_quantity` int NOT NULL DEFAULT '0',
  `description` text COLLATE utf8mb4_unicode_ci,
  `size` int DEFAULT NULL,
  `categoryId` varchar(191) COLLATE utf8mb4_unicode_ci NOT NULL,
  `thumbnail` text COLLATE utf8mb4_unicode_ci,
  `rating` double NOT NULL DEFAULT '0',
  `isShow` tinyint(1) NOT NULL DEFAULT '1',
  `isFeatured` tinyint(1) NOT NULL DEFAULT '0',
  `createdAt` datetime(3) NOT NULL DEFAULT CURRENT_TIMESTAMP(3),
  `updatedAt` datetime(3) NOT NULL,
  PRIMARY KEY (`id`),
  KEY `Product_brandId_categoryId_idx` (`brandId`,`categoryId`),
  KEY `Product_categoryId_fkey` (`categoryId`),
  CONSTRAINT `Product_brandId_fkey` FOREIGN KEY (`brandId`) REFERENCES `Brand` (`id`) ON DELETE CASCADE ON UPDATE CASCADE,
  CONSTRAINT `Product_categoryId_fkey` FOREIGN KEY (`categoryId`) REFERENCES `Category` (`id`) ON DELETE CASCADE ON UPDATE CASCADE
) ENGINE=InnoDB DEFAULT CHARSET=utf8mb4 COLLATE=utf8mb4_unicode_ci;
/*!40101 SET character_set_client = @saved_cs_client */;

--
-- Dumping data for table `Product`
--

LOCK TABLES `Product` WRITE;
/*!40000 ALTER TABLE `Product` DISABLE KEYS */;
INSERT INTO `Product` VALUES ('18c41e82-2b61-4245-8bf4-d0fe3b6809d1','Le Labo Another 13 Eau De Parfum','acf566b2-a114-4b5c-acfd-e617f0cb61ef',3550000,NULL,22,0,'Nếu là một người yêu thích sự tinh tế chắc chắn các bạn nên sử dụng Nước hoa Le Labo Another 13 15ml một lần. Hương thơm mà sản phẩm mang đến dường như không còn là nước hoa mà nó trở thành mùi hương cơ thể, dấu ấn của chính bạn.',15,'f432f957-719a-4315-b44a-6e31588d650b','1720713480409-Nuoc-hoa-Le-Labo-Another-13-15ml-1-e1673843446413.png',0,1,0,'2024-07-11 15:58:00.481','2024-07-11 15:58:00.481'),('3999987f-e78e-4904-bbfb-32979e2a942f','Chanel Coco Mademoiselle Eau De Parfum','aa736e1e-a104-45f5-a8f2-91fd8efa53f4',4250000,NULL,40,0,'Nước hoa Chanel Coco Mademoiselle được chiết xuất từ hàng triệu cánh hoa tạo nên một mùi hương trẻ trung, quyến rũ đầy mê hoặc.',100,'f432f957-719a-4315-b44a-6e31588d650b','1720712497151-Chanel-Coco-Mademoiselle-4-1-e1667270537194.jpg',0,1,1,'2024-07-11 15:41:37.227','2024-07-11 15:41:37.227'),('3bf9ec3e-bd3f-4250-a130-dd6629698ee3','My Burberry Limited Edition','ebb4e53d-d4f6-4df3-a82d-30722d1b3b80',3520000,NULL,45,0,'Nước Hoa My Burberry Limited Edition nằm trong bộ sưu tập My Burberry được chiết xuất từ thành phần chính là nhóm hương hoa cỏ. Đầy sự ngọt ngào, nữ tính và quyến rũ. Phiên bản giới hạn trong mùa lễ hội này chắc chắn sẽ khiến các cô nàng say đắm ngay từ lần đầu tiên chạm tới.',90,'f432f957-719a-4315-b44a-6e31588d650b','1720712139445-My-Burberry-Limited-Edition-1-1.jpg',0,1,0,'2024-07-11 15:35:39.538','2024-07-11 15:47:12.318'),('54ab50eb-9ce1-4211-8b35-5e07fdf1e9bc','Bvlgari Pour Homme Extreme Eau De Toilette','b264b244-ea10-44d8-8efc-724b5ee24b44',2220000,NULL,22,0,'Nước hoa Bvlgari Extreme mùi hương gỗ đặc trưng, cho người dùng cảm nhận một mùi hương tao nhã nam tính. Điều đặc biệt của chai nước hoa này mùi hương sẽ càng quyến rũ hơn khi bay hơi. Thích hợp với các quý ông chững chạc, nồng nàn, nóng bỏng nhưng đầy tự tin, không quá kiêu ngạo.',100,'da8150d4-5189-4600-8b02-0ed4db68bc2e','1720712348877-nuoc-hoa-Bvlgari-Extreme-2-e1667272459135.jpg',0,1,1,'2024-07-11 15:39:08.946','2024-07-11 15:39:08.946'),('70f24539-5de5-4940-b64b-3f76ae703937','Antonio Banderas Power Of Seduction Eau De Toilette ','0054aeea-ee4e-45cb-83e7-3b4edc87af35',920000,NULL,234,0,'Nước hoa Antonio Banderas Power Of Seduction Eau De Toilette 100ml mang hương thơm biến chàng thành kẻ quyến rũ thực thụ, biết mình cần phả làm gì để cuốn hút hơn nữa. Một sự dối lập hoàn hoàn thể hiện trong chai nước hoa nhỏ bé',100,'da8150d4-5189-4600-8b02-0ed4db68bc2e','1720711801275-Nuoc-hoa-Antonio-Banderas-Power-Of-Seduction-100ml-e1675847971556.png',0,1,0,'2024-07-11 15:30:01.341','2024-07-11 15:30:01.341'),('723f261f-5f75-458c-9a85-372bb553496c','Burberry Her Eau De Parfum','ebb4e53d-d4f6-4df3-a82d-30722d1b3b80',2083000,1890000,22,1,'Sự kết hợp giữa mùi hương nhẹ nhàng, cuốn hút cùng thiết kế sang chảnh, độc đáo trứ danh đã biến nước hoa Burberry Her Eau De Parfum 30ml trở thành cái tên được kỳ vọng số một vào dịp lễ hội, tiệc tùng cuối năm.',30,'f432f957-719a-4315-b44a-6e31588d650b','1720712219505-nuoc-hoa-burberry-her-eau-de-parfum-30ml-e1669705271235.png',0,1,1,'2024-07-11 15:36:59.583','2024-07-11 17:06:42.552'),('7de26c55-02ce-42e8-b528-038886a95c4c','Antonio Banderas The Secret Temptation Eau De Toilette','0054aeea-ee4e-45cb-83e7-3b4edc87af35',950000,NULL,23,0,'Nước hoa Antonio Banderas The Secret Temptation Eau De Toilette 100ml khiến các cô gái thật khó có thể cưỡng lại được vẻ nam tính, thu hút hủa chàng. Sản phẩm không chỉ để lại vẻ bên ngoài mà còn mang lại cả thần thái cho chàng.',100,'da8150d4-5189-4600-8b02-0ed4db68bc2e','1720711875671-Nuoc-hoa-Antonio-Banderas-The-Secret-Temptation-100ml-e1675846854441.png',0,1,1,'2024-07-11 15:31:15.744','2024-07-11 15:31:15.744'),('94ef2edd-5189-422f-aa4f-85c8c7a92b7c','Le Labo Another 13 Eau De Parfum','acf566b2-a114-4b5c-acfd-e617f0cb61ef',7500000,NULL,20,0,'Sự kết hợp để tạo ra chai nước hoa Le Labo Another 13 thực sự rất đặc biệt; bởi Le Labo mang tới đúng 13 thành phần để tạo ra tuyệt phẩm của sự hợp tác với tạp chí cùng tên. Mùi hương độc đáo, mới lạ à mê hoặc này gây nghiện bất kỳ chàng trai và cô gái nào lướt qua.',100,'f432f957-719a-4315-b44a-6e31588d650b','1720713541492-Nuoc-hoa-Le-Labo-Another-13-e1673841561817.png',0,1,0,'2024-07-11 15:59:01.564','2024-07-11 15:59:01.564'),('964d7868-edab-4251-8d0f-16ae4ee1c2ee','Bvlgari Mon Jasmin Noir L’Elixir Eau de Parfum','b264b244-ea10-44d8-8efc-724b5ee24b44',2750000,NULL,12,0,'Nước hoa nữ Bvlgari Mon Jasmin Noir L’Elixir Eau de Parfum được sáng tạo vào năm 2012 với hương thơm sang trọng nữ tính của hàng loạt các tính chất hoa cỏ phương Đông như hoa bưởi, hoa nhài, tinh chất quả cam, xạ hương, hổ phách,…',50,'f432f957-719a-4315-b44a-6e31588d650b','1720712274745-Bvlgari-Mon-Jasmin-Noir-LElixir-2-e1667269608640.jpg',0,1,0,'2024-07-11 15:37:54.793','2024-07-11 15:48:29.847'),('a8d62733-6dc2-4a39-9319-5328f5739dd9','Gucci Bloom Ambrosia Di Fiori Eau De Parfum','1cdb8688-074a-4d26-99fc-b3d9f5e77bb3',3790000,NULL,78,0,'Khẳng định chỗ đứng hàng đầu của mình trong thị trường nước hoa, năm 2019 Gucci đã tung ra dòng sản phẩm mang sắc đỏ nổi bật: nước hoa Gucci Bloom Ambrosia Di Fiori. Tiếp nối sự thành công của những phiên bản Gucci Bloom đi trước mà sản phẩm được ra đời.',100,'f432f957-719a-4315-b44a-6e31588d650b','1720713391265-Nuoc-hoa-Gucci-Bloom-Ambrosia-Di-Fiori-5ml-e1667976579297.png',0,1,0,'2024-07-11 15:56:31.353','2024-07-11 15:56:31.353'),('b89e6fdb-e745-48b2-8794-f2247a241ad9','Ck One Calvin Klein Eau De Toilette','5bd68c16-faca-41cf-a903-0c70f9f8876a',1690000,NULL,45,0,'Nước hoa CK One Calvin Klein Eau De Toilette là một trong những chai nước hoa nổi tiếng của thương hiệu Calvin Klein. Chai nước hoa Unisex mang hương thơm tươi mát, nhẹ nhàng cho bạn chào đón ngày mới thêm tự tin, trẻ trung.',200,'f432f957-719a-4315-b44a-6e31588d650b','1720711640119-CK-One.jpg',0,1,0,'2024-07-11 15:27:20.202','2024-07-11 15:46:49.403'),('baee9cbf-822f-4e27-8f46-b3be0ebb105c','Dior Homme Sport','5333a460-67b7-4587-b485-0d7d1292f4d4',2790000,NULL,50,0,'Nước hoa Dior Homme Sport có mùi hương tươi mát, thể nam tính. Rất phù hợp cho mẫu đàn ông thích các hoạt động thể thao ngoài trời cả ngày dài. Mùi hương thể hiện mạnh mẽ tính cách nam tính và năng động, chắc chắn sẽ giúp bạn tự tin trong hành động và cũng như hấp dẫn phái đẹp.',100,'f432f957-719a-4315-b44a-6e31588d650b','1720712776351-Dior-Homme-Sport.jpg',0,1,1,'2024-07-11 15:46:16.402','2024-07-11 15:46:16.402'),('ced5dbd3-dcb9-4964-897a-da63eb065790','Antonio Banderas Blue Seduction Eau De Toilette','0054aeea-ee4e-45cb-83e7-3b4edc87af35',970000,NULL,234,0,'Nước hoa Antonio Banderas Blue Seduction Eau De Toilette mang hương thơm tươi mát, táo bạo của nhóm hương phương đông, rất thích hợp để chàng sử dụng hàng ngày để tạo nên dấu ấn cá nhân của chính mình.',100,'da8150d4-5189-4600-8b02-0ed4db68bc2e','1720711733602-Nuoc-hoa-Antonio-Banderas-Blue-Seduction-e1675132750645.png',0,1,1,'2024-07-11 15:28:53.683','2024-07-11 15:28:53.683'),('fafeed0c-2246-4686-b085-23f94cbf38d5','Gucci Pour Homme Eau De Toilette 2003','1cdb8688-074a-4d26-99fc-b3d9f5e77bb3',1240000,NULL,55,0,'Nước hoa Gucci Pour Homme ra mắt năm 2003, dành cho các quý ông thanh lịch, hiện đại. Thuộc nhóm hương hương cay nồng phương đông, toàn bộ các lớp hương xoay quanh sự ấm áp và lôi cuốn của các loại gỗ.',30,'da8150d4-5189-4600-8b02-0ed4db68bc2e','1720712900745-Gucci-Pour-Homme-3-e1667209826703.jpg',0,1,0,'2024-07-11 15:48:20.811','2024-07-11 15:48:20.811');
/*!40000 ALTER TABLE `Product` ENABLE KEYS */;
UNLOCK TABLES;

--
-- Table structure for table `ProductImage`
--

DROP TABLE IF EXISTS `ProductImage`;
/*!40101 SET @saved_cs_client     = @@character_set_client */;
/*!50503 SET character_set_client = utf8mb4 */;
CREATE TABLE `ProductImage` (
  `id` varchar(191) COLLATE utf8mb4_unicode_ci NOT NULL,
  `url` text COLLATE utf8mb4_unicode_ci NOT NULL,
  `productId` varchar(191) COLLATE utf8mb4_unicode_ci NOT NULL,
  `createdAt` datetime(3) NOT NULL DEFAULT CURRENT_TIMESTAMP(3),
  `updatedAt` datetime(3) NOT NULL,
  PRIMARY KEY (`id`),
  KEY `ProductImage_productId_idx` (`productId`),
  CONSTRAINT `ProductImage_productId_fkey` FOREIGN KEY (`productId`) REFERENCES `Product` (`id`) ON DELETE CASCADE ON UPDATE CASCADE
) ENGINE=InnoDB DEFAULT CHARSET=utf8mb4 COLLATE=utf8mb4_unicode_ci;
/*!40101 SET character_set_client = @saved_cs_client */;

--
-- Dumping data for table `ProductImage`
--

LOCK TABLES `ProductImage` WRITE;
/*!40000 ALTER TABLE `ProductImage` DISABLE KEYS */;
INSERT INTO `ProductImage` VALUES ('00c2a65c-9514-4294-8a46-9fbffdef9492','1720711875700-Antonio-Banderas-The-Secret-Temptation-100ml.png','7de26c55-02ce-42e8-b528-038886a95c4c','2024-07-11 15:31:15.744','2024-07-11 15:31:15.744'),('03300872-8cf6-4b5c-ab01-f5f8f13596c3','1720712900771-Gucci-Pour-Homme-1-2.jpg','fafeed0c-2246-4686-b085-23f94cbf38d5','2024-07-11 15:48:20.811','2024-07-11 15:48:20.811'),('06c5ae83-6ac0-4603-be3a-2462f1dde696','1720713480434-L-e-La-bo-Ano-ther-1-3-tk-15ml.png','18c41e82-2b61-4245-8bf4-d0fe3b6809d1','2024-07-11 15:58:00.481','2024-07-11 15:58:00.481'),('15915e6d-a80e-435c-8a63-321f6c480ed1','1720711875704-The-Secret-Temptation-100ml.png','7de26c55-02ce-42e8-b528-038886a95c4c','2024-07-11 15:31:15.744','2024-07-11 15:31:15.744'),('1776587e-2805-4d5e-8117-8e24309b7da5','1720712139495-My-Burberry-Limited-Edition-2.jpg','3bf9ec3e-bd3f-4250-a130-dd6629698ee3','2024-07-11 15:35:39.538','2024-07-11 15:35:39.538'),('195a3f41-8c54-4d5a-8333-c4a3d24afd5d','1720711875705-Th-e-Sec-ret-Temp-tation-tk-100ml.png','7de26c55-02ce-42e8-b528-038886a95c4c','2024-07-11 15:31:15.744','2024-07-11 15:31:15.744'),('268adaa3-7ad7-40e3-bb15-9f73df0af61f','1720713391294-Gu-cci-Bl-oom-Am-rosia-D-i-Fi-ori-tk-5ml.png','a8d62733-6dc2-4a39-9319-5328f5739dd9','2024-07-11 15:56:31.353','2024-07-11 15:56:31.353'),('26c966e2-d9b7-408b-97fe-5148ec4dcaf6','1720712139495-My-Burberry-Limited-Edition-1-1.jpg','3bf9ec3e-bd3f-4250-a130-dd6629698ee3','2024-07-11 15:35:39.538','2024-07-11 15:35:39.538'),('278cf68b-953a-498d-a268-b7f8a65b2789','1720712348915-nuoc-hoa-Bvlgari-Extreme-2-e1667272459135.jpg','54ab50eb-9ce1-4211-8b35-5e07fdf1e9bc','2024-07-11 15:39:08.946','2024-07-11 15:39:08.946'),('28c470b0-0151-4e96-8df4-065bffb21d69','1720711801306-Antonio-Banderas-Power-Of-Seduction-100ml.png','70f24539-5de5-4940-b64b-3f76ae703937','2024-07-11 15:30:01.341','2024-07-11 15:30:01.341'),('314681d9-6928-416c-8320-f86e3d1c8420','1720712348914-Bvlgari-Pour-Homme-Extreme-1.jpg','54ab50eb-9ce1-4211-8b35-5e07fdf1e9bc','2024-07-11 15:39:08.946','2024-07-11 15:39:08.946'),('317432e7-5ef9-423a-ac34-3a6797a90873','1720711801308-Nuoc-hoa-Antonio-Banderas-Power-Of-Seduction-100ml-e1675847971556.png','70f24539-5de5-4940-b64b-3f76ae703937','2024-07-11 15:30:01.341','2024-07-11 15:30:01.341'),('3caa79a7-6f09-4020-936e-adc0adda4908','1720712219551-nuoc-hoa-burberry-her-eau-de-parfum-30ml-e1669705271235.png','723f261f-5f75-458c-9a85-372bb553496c','2024-07-11 15:36:59.583','2024-07-11 15:36:59.583'),('3d373c0c-67c5-430e-aba5-1aa3be696a6d','1720711733645-Antonio-Banderas-Blue-Seduction-EDT.png','ced5dbd3-dcb9-4964-897a-da63eb065790','2024-07-11 15:28:53.683','2024-07-11 15:28:53.683'),('4099aaf1-fed6-4252-97d1-41bfb51ac350','1720713541519-Nuoc-hoa-Le-Labo-Another-13-e1673841561817.png','94ef2edd-5189-422f-aa4f-85c8c7a92b7c','2024-07-11 15:59:01.564','2024-07-11 15:59:01.564'),('47d9f5df-2c00-4d87-a85c-c76937495e64','1720713480442-Nuoc-hoa-Le-Labo-Another-13-15ml-1-e1673843446413.png','18c41e82-2b61-4245-8bf4-d0fe3b6809d1','2024-07-11 15:58:00.481','2024-07-11 15:58:00.481'),('52105f06-f8fb-4b02-9576-aeba6efe6622','1720712274765-Nuoc-hoa-Bvlgari-Mon-Jasmin-Noir-LElixir-Eau-de-Parfum-1.jpg','964d7868-edab-4251-8d0f-16ae4ee1c2ee','2024-07-11 15:37:54.793','2024-07-11 15:37:54.793'),('55de9339-71a9-43a9-b0b3-f43338e3f898','1720711801307-Antonio-Banderas-Power-Of-Seduction-EDT-100ml.png','70f24539-5de5-4940-b64b-3f76ae703937','2024-07-11 15:30:01.341','2024-07-11 15:30:01.341'),('5a1e4ca0-d06a-4229-87f0-66eb5b8b794c','1720711875702-Antonio-Banderas-The-Secret-Temptation-EDT-100ml.png','7de26c55-02ce-42e8-b528-038886a95c4c','2024-07-11 15:31:15.744','2024-07-11 15:31:15.744'),('5b8d81eb-16cb-4bc8-a1d9-31a6d660d076','1720711640162-CK-One.jpg','b89e6fdb-e745-48b2-8794-f2247a241ad9','2024-07-11 15:27:20.202','2024-07-11 15:27:20.202'),('61bc2bbb-fb4e-4f11-ad68-0aea87f5d088','1720712776375-nuoc-hoa-Dior-Homme-Sport.jpeg','baee9cbf-822f-4e27-8f46-b3be0ebb105c','2024-07-11 15:46:16.402','2024-07-11 15:46:16.402'),('62700d3e-ada0-496f-bed2-bbe9a66c6b45','1720712219551-nuoc-hoa-burberry-her-30ml-edp.png','723f261f-5f75-458c-9a85-372bb553496c','2024-07-11 15:36:59.583','2024-07-11 15:36:59.583'),('67914317-da38-4ff4-b0ef-dff8612a25eb','1720711733643-Antonio-Banderas-Blue-Seduction.png','ced5dbd3-dcb9-4964-897a-da63eb065790','2024-07-11 15:28:53.683','2024-07-11 15:28:53.683'),('6c6066a4-fdec-4d0b-91e0-c6fac6cf5144','1720711640162-c-k-on-e-for-unisex.jpg','b89e6fdb-e745-48b2-8794-f2247a241ad9','2024-07-11 15:27:20.202','2024-07-11 15:27:20.202'),('6d13c596-8874-4b38-bd29-e11a05523452','1720712497188-Chanel-Coco-Mademoiselle-800x451-1.jpg','3999987f-e78e-4904-bbfb-32979e2a942f','2024-07-11 15:41:37.227','2024-07-11 15:41:37.227'),('7681f504-5e4f-44bb-9c06-369146ebac89','1720712776374-Dior-Homme-Sport.jpg','baee9cbf-822f-4e27-8f46-b3be0ebb105c','2024-07-11 15:46:16.402','2024-07-11 15:46:16.402'),('798e28d2-f7b9-46f6-b544-eaa7494779d5','1720711875703-Nuoc-hoa-Antonio-Banderas-The-Secret-Temptation-100ml-e1675846854441.png','7de26c55-02ce-42e8-b528-038886a95c4c','2024-07-11 15:31:15.744','2024-07-11 15:31:15.744'),('7b6c1870-e3a1-434d-b076-0190716016ef','1720711733646-Blue-Seduction.png','ced5dbd3-dcb9-4964-897a-da63eb065790','2024-07-11 15:28:53.683','2024-07-11 15:28:53.683'),('829a8a61-ea7b-4cbb-995b-35bf2c8dd231','1720713391288-Gu-cci-Bl-oom-Am-rosia-D-i-Fi-ori-5ml.png','a8d62733-6dc2-4a39-9319-5328f5739dd9','2024-07-11 15:56:31.353','2024-07-11 15:56:31.353'),('89f58c87-4768-494d-a642-c55c7e7c8d7a','1720712900772-Gucci-Pour-Homme-3-e1667209826703.jpg','fafeed0c-2246-4686-b085-23f94cbf38d5','2024-07-11 15:48:20.811','2024-07-11 15:48:20.811'),('8e42edfa-b5a5-416b-b016-de5476ddd2e9','1720712497188-Chanel-Coco-Mademoiselle-3-1.jpg','3999987f-e78e-4904-bbfb-32979e2a942f','2024-07-11 15:41:37.227','2024-07-11 15:41:37.227'),('933cc055-4fcd-4e5c-8d2c-2baef72e4571','1720712900772-Gucci-Pour-Homme-2-1.jpg','fafeed0c-2246-4686-b085-23f94cbf38d5','2024-07-11 15:48:20.811','2024-07-11 15:48:20.811'),('9769c60f-3da8-4385-8868-0864f577983b','1720712348915-bvlgari-pour-homme-extremeedt-1.jpg','54ab50eb-9ce1-4211-8b35-5e07fdf1e9bc','2024-07-11 15:39:08.946','2024-07-11 15:39:08.946'),('99a8fec6-8cc8-49bc-ab43-d871528c3e71','1720711640163-model-of-c-k-on-e.jpg','b89e6fdb-e745-48b2-8794-f2247a241ad9','2024-07-11 15:27:20.202','2024-07-11 15:27:20.202'),('9b1e835d-da71-4758-bc9c-f8c8026bc696','1720712274764-Bvlgari-Mon-Jasmin-Noir-LElixir-Eau-de-Parfum-800x587-2.jpg','964d7868-edab-4251-8d0f-16ae4ee1c2ee','2024-07-11 15:37:54.793','2024-07-11 15:37:54.793'),('a67d9228-718b-426e-baf4-e24609bff975','1720712219550-burberry-her-eau-de-parfum-30ml.png','723f261f-5f75-458c-9a85-372bb553496c','2024-07-11 15:36:59.583','2024-07-11 15:36:59.583'),('aa76b812-56f7-4911-9d9f-9cb9d2cfea9d','1720713480438-Le-Labo-Another-13-15ml-2.png','18c41e82-2b61-4245-8bf4-d0fe3b6809d1','2024-07-11 15:58:00.481','2024-07-11 15:58:00.481'),('aac4aae8-6631-46bf-8b37-1cb1f3579a75','1720712139495-My-Burberry-Limited-Edition-1-2-e1667269484409.jpg','3bf9ec3e-bd3f-4250-a130-dd6629698ee3','2024-07-11 15:35:39.538','2024-07-11 15:35:39.538'),('ab476064-70fe-4a5f-882c-3789529f2ce6','1720712274764-Bvlgari-Mon-Jasmin-Noir-LElixir-Eau-de-Parfum-3.jpg','964d7868-edab-4251-8d0f-16ae4ee1c2ee','2024-07-11 15:37:54.793','2024-07-11 15:37:54.793'),('acba1a3f-a663-4640-ac6d-d4ee07f8d7ed','1720712274764-Bvlgari-Mon-Jasmin-Noir-LElixir-2-e1667269608640.jpg','964d7868-edab-4251-8d0f-16ae4ee1c2ee','2024-07-11 15:37:54.793','2024-07-11 15:37:54.793'),('b51dc540-86b4-4964-84fd-d16cbc33b91a','1720712776375-nuoc-hoa-Dior-Homme-Sport-1.jpeg','baee9cbf-822f-4e27-8f46-b3be0ebb105c','2024-07-11 15:46:16.402','2024-07-11 15:46:16.402'),('b5b1eabf-c79d-4ce7-88bd-ad3460c62ad5','1720713480432-L-e-La-bo-Ano-ther-1-3-15ml.png','18c41e82-2b61-4245-8bf4-d0fe3b6809d1','2024-07-11 15:58:00.481','2024-07-11 15:58:00.481'),('bb704fe8-f6d5-42ab-94c0-8c0c8a0a8e18','1720711801309-Power-Of-Seduction-100ml.png','70f24539-5de5-4940-b64b-3f76ae703937','2024-07-11 15:30:01.341','2024-07-11 15:30:01.341'),('c1d3ad60-2696-4e6a-8492-e1f15797bdb9','1720712219551-nuoc-hoa-burberry-her-30ml.png','723f261f-5f75-458c-9a85-372bb553496c','2024-07-11 15:36:59.583','2024-07-11 15:36:59.583'),('c1da9128-bafa-4eb6-81e6-a677319891d4','1720711733641-Nuoc-hoa-Antonio-Banderas-Blue-Seduction-e1675132750645.png','ced5dbd3-dcb9-4964-897a-da63eb065790','2024-07-11 15:28:53.683','2024-07-11 15:28:53.683'),('cf7d0af4-f8a7-4313-a309-592eb3c4430d','1720712900772-nuoc-hoa-nam-gucci-pour-homme-2003-1.jpg','fafeed0c-2246-4686-b085-23f94cbf38d5','2024-07-11 15:48:20.811','2024-07-11 15:48:20.811'),('d91edc3d-4f05-4af7-94b9-4dfafd1e0dd1','1720713541517-Le-Labo-Another-13.png','94ef2edd-5189-422f-aa4f-85c8c7a92b7c','2024-07-11 15:59:01.564','2024-07-11 15:59:01.564'),('d9bac136-366b-48ee-9e5e-e695c45bcaef','1720713391291-Gu-cci-Bl-oom-Am-rosia-D-i-Fi-ori-for-wm-5ml.png','a8d62733-6dc2-4a39-9319-5328f5739dd9','2024-07-11 15:56:31.353','2024-07-11 15:56:31.353'),('db20cb7d-15e5-47c7-b26b-adc3770b97ae','1720713541516-L-e-La-bo-Ano-ther-1-3-tk.png','94ef2edd-5189-422f-aa4f-85c8c7a92b7c','2024-07-11 15:59:01.564','2024-07-11 15:59:01.564'),('e5ae8c3d-8cbd-4758-ba9b-84b494a41c4d','1720713391295-Nuoc-hoa-Gucci-Bloom-Ambrosia-Di-Fiori-5ml-e1667976579297.png','a8d62733-6dc2-4a39-9319-5328f5739dd9','2024-07-11 15:56:31.353','2024-07-11 15:56:31.353'),('e6994925-f40e-41ea-94da-608778a037e3','1720712348914-Bvlgari-Extreme.jpg','54ab50eb-9ce1-4211-8b35-5e07fdf1e9bc','2024-07-11 15:39:08.946','2024-07-11 15:39:08.946'),('f336bba3-f99d-447a-ae72-d4944f006004','1720712497187-Chanel-Coco-Mademoiselle-1-1.jpg','3999987f-e78e-4904-bbfb-32979e2a942f','2024-07-11 15:41:37.227','2024-07-11 15:41:37.227'),('f352096d-fc17-4a19-b958-78e07234ac9a','1720711640166-Nuoc-hoa-CK-One.png','b89e6fdb-e745-48b2-8794-f2247a241ad9','2024-07-11 15:27:20.202','2024-07-11 15:27:20.202'),('f4bd76e5-ee3d-4bd2-b233-cf886b66db31','1720712497188-Chanel-Coco-Mademoiselle-4-1-e1667270537194.jpg','3999987f-e78e-4904-bbfb-32979e2a942f','2024-07-11 15:41:37.227','2024-07-11 15:41:37.227'),('fe798dd0-2c7b-4a70-ac45-7b3c4be37708','1720713541515-L-e-La-bo-Ano-ther-1-3.png','94ef2edd-5189-422f-aa4f-85c8c7a92b7c','2024-07-11 15:59:01.564','2024-07-11 15:59:01.564');
/*!40000 ALTER TABLE `ProductImage` ENABLE KEYS */;
UNLOCK TABLES;

--
-- Table structure for table `Slider`
--

DROP TABLE IF EXISTS `Slider`;
/*!40101 SET @saved_cs_client     = @@character_set_client */;
/*!50503 SET character_set_client = utf8mb4 */;
CREATE TABLE `Slider` (
  `id` varchar(191) COLLATE utf8mb4_unicode_ci NOT NULL,
  `title` varchar(191) COLLATE utf8mb4_unicode_ci NOT NULL,
  `note` text COLLATE utf8mb4_unicode_ci,
  `image` text COLLATE utf8mb4_unicode_ci NOT NULL,
  `isShow` tinyint(1) NOT NULL,
  `backlink` text COLLATE utf8mb4_unicode_ci NOT NULL,
  `titleTextColor` varchar(191) COLLATE utf8mb4_unicode_ci DEFAULT NULL,
  `noteTextColor` varchar(191) COLLATE utf8mb4_unicode_ci DEFAULT NULL,
  `backgroundSliderColor` varchar(191) COLLATE utf8mb4_unicode_ci DEFAULT NULL,
  `createdAt` datetime(3) NOT NULL DEFAULT CURRENT_TIMESTAMP(3),
  `updatedAt` datetime(3) NOT NULL,
  PRIMARY KEY (`id`)
) ENGINE=InnoDB DEFAULT CHARSET=utf8mb4 COLLATE=utf8mb4_unicode_ci;
/*!40101 SET character_set_client = @saved_cs_client */;

--
-- Dumping data for table `Slider`
--

LOCK TABLES `Slider` WRITE;
/*!40000 ALTER TABLE `Slider` DISABLE KEYS */;
INSERT INTO `Slider` VALUES ('3390b267-49d8-4144-a1d5-74e89e798c3d','Những Chai Nước Hoa Nam Hương Biển Bán Chạy Nhất Cho Mùa Hè',NULL,'1720716016810-nuoc-hoa-gio-nam-1.jpg',1,'/blog/fa08fceb-b833-4b91-8e26-8f748345c8bf','#ffffff',NULL,'#625d00','2024-07-11 16:40:16.836','2024-07-11 16:43:01.678'),('92aa1784-abe5-4b41-8af4-85d6a92672b1','Gucci Bloom 30ml giá bao nhiêu? Mùi hương thế nào?',NULL,'1720716149203-gucci-bloom-hong-7.jpg',1,'/blog/2ca1dd69-acb2-4b6f-a6b5-53150cd7cba3','#000000',NULL,'#ff8f8f','2024-07-11 16:42:29.225','2024-07-11 16:42:36.929'),('b7be1c11-9bc8-47e1-8090-f0e8db5a1de5','Nước Hoa Gucci Bloom Đỏ – Hương Thơm Quyến Rũ, Hiện Đại',NULL,'1720715909811-gucci-bloom-do-5.jpg',1,'/blog/41c4a780-fbb3-4f4d-b8ae-44e471e1ea5a','#050505',NULL,'#ff5b5b','2024-07-11 16:38:29.841','2024-07-11 16:39:14.375');
/*!40000 ALTER TABLE `Slider` ENABLE KEYS */;
UNLOCK TABLES;

--
-- Table structure for table `User`
--

DROP TABLE IF EXISTS `User`;
/*!40101 SET @saved_cs_client     = @@character_set_client */;
/*!50503 SET character_set_client = utf8mb4 */;
CREATE TABLE `User` (
  `id` varchar(191) COLLATE utf8mb4_unicode_ci NOT NULL,
  `name` varchar(191) COLLATE utf8mb4_unicode_ci DEFAULT NULL,
  `email` varchar(191) COLLATE utf8mb4_unicode_ci NOT NULL,
  `image` text COLLATE utf8mb4_unicode_ci,
  `hashedPassword` varchar(191) COLLATE utf8mb4_unicode_ci DEFAULT NULL,
  `role` enum('USER','ADMIN','SELLER','MARKETER','SELLERMANAGER') COLLATE utf8mb4_unicode_ci NOT NULL DEFAULT 'USER',
  `gender` enum('MALE','FEMALE') COLLATE utf8mb4_unicode_ci DEFAULT NULL,
  `dob` datetime(3) DEFAULT NULL,
  `phone` varchar(191) COLLATE utf8mb4_unicode_ci DEFAULT NULL,
  `address` varchar(191) COLLATE utf8mb4_unicode_ci DEFAULT NULL,
  `isVerified` tinyint(1) DEFAULT '0',
  `status` enum('ACTIVE','INACTIVE','NEWLY_REGISTER','NEWLY_BOUGHT','BANNED') COLLATE utf8mb4_unicode_ci DEFAULT NULL,
  `createdAt` datetime(3) NOT NULL DEFAULT CURRENT_TIMESTAMP(3),
  `updatedAt` datetime(3) NOT NULL,
  PRIMARY KEY (`id`),
  UNIQUE KEY `User_email_key` (`email`)
) ENGINE=InnoDB DEFAULT CHARSET=utf8mb4 COLLATE=utf8mb4_unicode_ci;
/*!40101 SET character_set_client = @saved_cs_client */;

--
-- Dumping data for table `User`
--

LOCK TABLES `User` WRITE;
/*!40000 ALTER TABLE `User` DISABLE KEYS */;
INSERT INTO `User` VALUES ('00b57c29-f25c-4f74-b016-b5419b53b979','Nguyen Quoc Trung','marketer@yopmail.com','1720711176016-414593482_2627506727407269_2756142257959895990_n.jpg','$2b$10$n5E4cq0k6zmRsN548zH4wewTfOJrSp9/Q4ZOiGhsz7Bs72Id65usS','MARKETER',NULL,NULL,'0912345678',NULL,0,'ACTIVE','2024-07-11 15:19:36.133','2024-07-11 15:19:36.133'),('02e7b1f8-92c0-4c6f-a67c-3f0dcc7e75ba','admin','admin@yopmail.com',NULL,'$2b$10$n5E4cq0k6zmRsN548zH4wewTfOJrSp9/Q4ZOiGhsz7Bs72Id65usS','ADMIN',NULL,NULL,NULL,NULL,0,NULL,'2024-07-11 15:18:05.209','2024-07-11 15:18:05.209'),('4868eeb8-2308-4642-90ff-2abf4960bc02','Nguyen Quoc Trung','mhoguty0213@yopmail.com','1720716404099-425854622_2659994297491845_7818003758623453474_n.jpg','$2b$10$3FliVFxCmY5aGCuQyw7REemTHf6f77IETOcqtCARZEm/Z4LFd.Tqa','USER','MALE','2004-11-11 00:00:00.000','0912345678','Hanoi',1,'NEWLY_REGISTER','2024-07-11 16:44:59.041','2024-07-11 16:46:44.125');
/*!40000 ALTER TABLE `User` ENABLE KEYS */;
UNLOCK TABLES;
/*!40103 SET TIME_ZONE=@OLD_TIME_ZONE */;

/*!40101 SET SQL_MODE=@OLD_SQL_MODE */;
/*!40014 SET FOREIGN_KEY_CHECKS=@OLD_FOREIGN_KEY_CHECKS */;
/*!40014 SET UNIQUE_CHECKS=@OLD_UNIQUE_CHECKS */;
/*!40101 SET CHARACTER_SET_CLIENT=@OLD_CHARACTER_SET_CLIENT */;
/*!40101 SET CHARACTER_SET_RESULTS=@OLD_CHARACTER_SET_RESULTS */;
/*!40101 SET COLLATION_CONNECTION=@OLD_COLLATION_CONNECTION */;
/*!40111 SET SQL_NOTES=@OLD_SQL_NOTES */;

-- Dump completed on 2024-07-12  0:13:26
